Date,0
2019-01-01,1.0
2019-01-02,1.0
2019-01-03,1.0024673870251164
2019-01-04,1.0026521529749741
2019-01-05,1.0153512660428643
2019-01-06,1.023698841340452
2019-01-07,1.0296377044585872
2019-01-08,1.0234402515470666
2019-01-09,1.0356696604234361
2019-01-10,1.0393524117318835
2019-01-11,1.013542421457669
2019-01-12,1.0208783698438029
2019-01-13,1.0046239399205237
2019-01-14,1.0106097868128359
2019-01-15,1.0228895959577764
2019-01-16,1.035539332944648
2019-01-17,1.0030465302983838
2019-01-18,1.0117975881584627
2019-01-19,1.0136378782510123
2019-01-20,1.0036440587823696
2019-01-21,1.008082797589847
2019-01-22,1.015494864415497
2019-01-23,1.014406008413453
2019-01-24,1.0080356435153563
2019-01-25,1.008049020012389
2019-01-26,1.0082925163700922
2019-01-27,1.0145154695618874
2019-01-28,1.0129436504635985
2019-01-29,1.0137617054259171
2019-01-30,1.0307158969336447
2019-01-31,1.008849163696201
2019-02-01,1.0087763573211215
2019-02-02,1.021981102139999
2019-02-03,1.015997924960662
2019-02-04,1.014204859578285
2019-02-05,1.0211938227073563
2019-02-06,1.0329437512413646
2019-02-07,1.0412843661004605
2019-02-08,1.0408113939368644
2019-02-09,1.0363900083615734
2019-02-10,1.0567039499346003
2019-02-11,1.0607543945274598
2019-02-12,1.0486769302700143
2019-02-13,1.058061567034908
2019-02-14,1.056204870197264
2019-02-15,1.0420492367183611
2019-02-16,1.0435831007502085
2019-02-17,1.025838859667841
2019-02-18,1.0345589060126892
2019-02-19,1.044962051714813
2019-02-20,1.0467435564123606
2019-02-21,1.066327759164628
2019-02-22,1.0580931975107053
2019-02-23,1.0613208736129527
2019-02-24,1.0712448648283208
2019-02-25,1.0472587944860974
2019-02-26,1.06050463390541
2019-02-27,1.038256391320808
2019-02-28,1.0354882575628537
2019-03-01,1.0480269125050898
2019-03-02,1.0566774891601274
2019-03-03,1.0597713442746748
2019-03-04,1.0554914403957227
2019-03-05,1.0461218766468103
2019-03-06,1.0374803578170173
2019-03-07,1.0633665535677028
2019-03-08,1.0564330434841245
2019-03-09,1.0630731175504056
2019-03-10,1.0665104426723222
2019-03-11,1.074704190353522
2019-03-12,1.0818668664996942
2019-03-13,1.0831011537656925
2019-03-14,1.0718105572799423
2019-03-15,1.12174405221194
2019-03-16,1.1037521538499189
2019-03-17,1.0860275266079487
2019-03-18,1.045586609717427
2019-03-19,1.0614636383073663
2019-03-20,1.050761416297783
2019-03-21,1.0567266006988294
2019-03-22,1.041662962193351
2019-03-23,1.04857479229511
2019-03-24,1.0565577521476006
2019-03-25,1.052680705081215
2019-03-26,1.0534640548680372
2019-03-27,1.06046708460944
2019-03-28,1.0635854151147621
2019-03-29,1.056448700420319
2019-03-30,1.0663458527568836
2019-03-31,1.0547806669218327
2019-04-01,1.054876447138328
2019-04-02,1.0444362855895057
2019-04-03,1.0765016610475642
2019-04-04,1.105339169858021
2019-04-05,1.1055338148132219
2019-04-06,1.1029387273228457
2019-04-07,1.0983097239869768
2019-04-08,1.0929210031544618
2019-04-09,1.0914024950455676
2019-04-10,1.0677076894094102
2019-04-11,1.0810878368602193
2019-04-12,1.0664103363697126
2019-04-13,1.082102175564273
2019-04-14,1.073966846323999
2019-04-15,1.0839718069475304
2019-04-16,1.0912118909744823
2019-04-17,1.0934739786189773
2019-04-18,1.0970606292541514
2019-04-19,1.0885007691483455
2019-04-20,1.1158770598474392
2019-04-21,1.1159860389704668
2019-04-22,1.107845618628242
2019-04-23,1.0976158395222566
2019-04-24,1.0994988674604484
2019-04-25,1.0989498401765725
2019-04-26,1.1016998513255878
2019-04-27,1.1251298278499242
2019-04-28,1.1072032455197596
2019-04-29,1.119440184312626
2019-04-30,1.1148849623524375
2019-05-01,1.1260676272454873
2019-05-02,1.1406741507150533
2019-05-03,1.1497675630027366
2019-05-04,1.1705965449354319
2019-05-05,1.1826333119862387
2019-05-06,1.173070037186001
2019-05-07,1.1657318284246119
2019-05-08,1.184380115295391
2019-05-09,1.1927739074375145
2019-05-10,1.221346728207909
2019-05-11,1.221124481397831
2019-05-12,1.203289035552601
2019-05-13,1.2110112425885011
2019-05-14,1.233680602649133
2019-05-15,1.214169465729997
2019-05-16,1.2055585986115023
2019-05-17,1.2178776607312627
2019-05-18,1.1696799321734037
2019-05-19,1.1728867905918257
2019-05-20,1.188914203689068
2019-05-21,1.178794810068107
2019-05-22,1.1907661317770828
2019-05-23,1.1905388477490102
2019-05-24,1.1395481579499014
2019-05-25,1.1471844328668528
2019-05-26,1.1327053995241754
2019-05-27,1.1212043105508136
2019-05-28,1.1255629140008199
2019-05-29,1.1199193428213658
2019-05-30,1.1175332746575823
2019-05-31,1.0942540934622134
2019-06-01,1.1026843532921733
2019-06-02,1.0836773506949329
2019-06-03,1.087322627458621
2019-06-04,1.0653289571266538
2019-06-05,1.0504699636450439
2019-06-06,1.0517052696826577
2019-06-07,1.0433457108975461
2019-06-08,1.0424406052664152
2019-06-09,1.0514344399025497
2019-06-10,1.0375279776754853
2019-06-11,1.06972668298879
2019-06-12,1.0826579479514766
2019-06-13,1.096513904769809
2019-06-14,1.1125950807023444
2019-06-15,1.0989445988847741
2019-06-16,1.1135364466228637
2019-06-17,1.1029789693365617
2019-06-18,1.1155330849639784
2019-06-19,1.129691845642626
2019-06-20,1.1576038823786137
2019-06-21,1.179957831313582
2019-06-22,1.1880862462382005
2019-06-23,1.1803592200111228
2019-06-24,1.1845090554835884
2019-06-25,1.18317960556842
2019-06-26,1.1787296220425905
2019-06-27,1.2005203857428994
2019-06-28,1.1854884793917067
2019-06-29,1.2388606612281299
2019-06-30,1.264479279027104
2019-07-01,1.2470145660764294
2019-07-02,1.248939721456506
2019-07-03,1.2433472418630596
2019-07-04,1.2540388000040439
2019-07-05,1.256388175563065
2019-07-06,1.2985926385080608
2019-07-07,1.3055884630962495
2019-07-08,1.2986874362452403
2019-07-09,1.3347802650816876
2019-07-10,1.3193775031529267
2019-07-11,1.3221840336372075
2019-07-12,1.3177471725584398
2019-07-13,1.3248909136197216
2019-07-14,1.3276326679685189
2019-07-15,1.326936528005823
2019-07-16,1.3225013867512294
2019-07-17,1.3256113851348774
2019-07-18,1.317114347819578
2019-07-19,1.3056998521550656
2019-07-20,1.3025207050056427
2019-07-21,1.293388525808427
2019-07-22,1.2987432080712698
2019-07-23,1.3196304709798572
2019-07-24,1.3279756034182646
2019-07-25,1.313621350451512
2019-07-26,1.2951419521952985
2019-07-27,1.2833945624406946
2019-07-28,1.2919832433899447
2019-07-29,1.2951042741563352
2019-07-30,1.304553607787985
2019-07-31,1.3000018452744697
2019-08-01,1.3158871438166297
2019-08-02,1.3229098450313157
2019-08-03,1.28728032737326
2019-08-04,1.2990707989522245
2019-08-05,1.3102951023692144
2019-08-06,1.3237260379158071
2019-08-07,1.332178188207575
2019-08-08,1.3442447669502253
2019-08-09,1.3406496856148125
2019-08-10,1.349345338243624
2019-08-11,1.3250644235484974
2019-08-12,1.2873667737191874
2019-08-13,1.301429372924349
2019-08-14,1.315151533763268
2019-08-15,1.3145154661302045
2019-08-16,1.3171921601745902
2019-08-17,1.3203782893910965
2019-08-18,1.322552328416807
2019-08-19,1.3111110227446532
2019-08-20,1.3053354792007155
2019-08-21,1.2995260961565491
2019-08-22,1.2967219940228751
2019-08-23,1.2989975840015737
2019-08-24,1.2962331715002358
2019-08-25,1.2768804894902397
2019-08-26,1.2932733216389274
2019-08-27,1.3013438005301525
2019-08-28,1.3056881596489187
2019-08-29,1.3245878322568112
2019-08-30,1.3191253806590395
2019-08-31,1.3229256378921719
2019-09-01,1.325860112252938
2019-09-02,1.3150587977988586
2019-09-03,1.324862924631268
2019-09-04,1.3305404369348013
2019-09-05,1.3329541457094802
2019-09-06,1.2656112784429383
2019-09-07,1.2882553022353032
2019-09-08,1.2918844608949547
2019-09-09,1.2482603749938108
2019-09-10,1.240807991711729
2019-09-11,1.242325722895274
2019-09-12,1.2349377024938026
2019-09-13,1.237149615389905
2019-09-14,1.2327370253501586
2019-09-15,1.2260753106682771
2019-09-16,1.2131217774739296
2019-09-17,1.2080446743158662
2019-09-18,1.195653495390547
2019-09-19,1.147607042700073
2019-09-20,1.1959259847850987
2019-09-21,1.1889764526186917
2019-09-22,1.1775137045138493
2019-09-23,1.161549531562592
2019-09-24,1.1595234979749534
2019-09-25,1.154207640849697
2019-09-26,1.1680953788473567
2019-09-27,1.179310439532496
2019-09-28,1.2029779029899954
2019-09-29,1.1812987120207135
2019-09-30,1.1729988672582337
2019-10-01,1.2033628980699944
2019-10-02,1.1905174665216036
2019-10-03,1.1910457092124007
2019-10-04,1.1532574508292475
2019-10-05,1.150207535567293
2019-10-06,1.1512053559256958
2019-10-07,1.1612955690016984
2019-10-08,1.1769003246829597
2019-10-09,1.159965715659416
2019-10-10,1.1661212816909292
2019-10-11,1.1482644651449223
2019-10-12,1.153888459430492
2019-10-13,1.1540482106821752
2019-10-14,1.1508873909522168
2019-10-15,1.1595368203920955
2019-10-16,1.1591782415830176
2019-10-17,1.16185679094221
2019-10-18,1.1377676261202
2019-10-19,1.1493332427429455
2019-10-20,1.1400038851066794
2019-10-21,1.1729931121342083
2019-10-22,1.1690230116764737
2019-10-23,1.1746737431675016
2019-10-24,1.1831865361792786
2019-10-25,1.2043893387832934
2019-10-26,1.1712439346552477
2019-10-27,1.164946297707996
2019-10-28,1.1714958947022067
2019-10-29,1.1736452224338039
2019-10-30,1.1856627196141392
2019-10-31,1.1823238904255688
2019-11-01,1.1809181880493314
2019-11-02,1.1721681379996314
2019-11-03,1.1853648600406728
2019-11-04,1.1889153017276226
2019-11-05,1.1988204079707423
2019-11-06,1.21735337327247
2019-11-07,1.218631118921461
2019-11-08,1.2273968416686714
2019-11-09,1.2281401281684676
2019-11-10,1.2159423169892587
2019-11-11,1.2453539899675672
2019-11-12,1.2512012271403985
2019-11-13,1.3124915305753528
2019-11-14,1.2752207065746992
2019-11-15,1.3117070648205311
2019-11-16,1.3086759114237243
2019-11-17,1.3032154287616635
2019-11-18,1.310671852357618
2019-11-19,1.3200812706928187
2019-11-20,1.3030577543469277
2019-11-21,1.3116830742299264
2019-11-22,1.3130561340418758
2019-11-23,1.299508384915742
2019-11-24,1.3183122455587413
2019-11-25,1.321629771136095
2019-11-26,1.3484047075290175
2019-11-27,1.3578638281628865
2019-11-28,1.3693714741494514
2019-11-29,1.3650752464523268
2019-11-30,1.3676917180181511
2019-12-01,1.3947247265364422
2019-12-02,1.3967286435529183
2019-12-03,1.41771100732349
2019-12-04,1.4166239884281466
2019-12-05,1.4158819292114002
2019-12-06,1.4116934104178027
2019-12-07,1.4151488438628492
2019-12-08,1.4341161288443691
2019-12-09,1.4191421974042102
2019-12-10,1.4135511892262518
2019-12-11,1.4252150258790286
2019-12-12,1.4393095838475993
2019-12-13,1.4383190655164233
2019-12-14,1.4269497587851208
2019-12-15,1.4194758886506202
2019-12-16,1.4196364397194239
2019-12-17,1.434864617759849
2019-12-18,1.4621654731430809
2019-12-19,1.4195808383436592
2019-12-20,1.4238604006848326
2019-12-21,1.4323062251955299
2019-12-22,1.4260417911251198
2019-12-23,1.4212848965215685
2019-12-24,1.4438461967538478
2019-12-25,1.4532715274385593
2019-12-26,1.4543116768232467
2019-12-27,1.4624713563058198
2019-12-28,1.4849167009921567
2019-12-29,1.4683079585867467
2019-12-30,1.4469211635971504
2019-12-31,1.4701707347132642
2020-01-01,1.4758167171709853
2020-01-02,1.4784700488772873
2020-01-03,1.491743225149896
2020-01-04,1.4824058759068972
2020-01-05,1.4854332571327906
2020-01-06,1.4917324659198725
2020-01-07,1.4912324678816875
2020-01-08,1.473972181651945
2020-01-09,1.4831815864716222
2020-01-10,1.489103360363862
2020-01-11,1.5065308961424155
2020-01-12,1.51765597477805
2020-01-13,1.5229585023550278
2020-01-14,1.5184116189905186
2020-01-15,1.6154854259539242
2020-01-16,1.6710416183191608
2020-01-17,1.6750620650132335
2020-01-18,1.7765585657361298
2020-01-19,1.662414085492647
2020-01-20,1.6964001082017837
2020-01-21,1.7143251238477644
2020-01-22,1.7013503088132855
2020-01-23,1.6548553082087034
2020-01-24,1.6355320400092344
2020-01-25,1.617091298711821
2020-01-26,1.6114518049663311
2020-01-27,1.6364591246049793
2020-01-28,1.6676330213690933
2020-01-29,1.6980083483577015
2020-01-30,1.7376859304053909
2020-01-31,1.7592995837990661
2020-02-01,1.723844174441267
2020-02-02,1.7209171356016626
2020-02-03,1.717270695004998
2020-02-04,1.6993194130012255
2020-02-05,1.6678930810282815
2020-02-06,1.7204871261870298
2020-02-07,1.6637098337973915
2020-02-08,1.6457987394304556
2020-02-09,1.640248501139086
2020-02-10,1.651735639246811
2020-02-11,1.6448609266378196
2020-02-12,1.6688657166783274
2020-02-13,1.7236520192890261
2020-02-14,1.6873117263963393
2020-02-15,1.7108138415125165
2020-02-16,1.7008327942929329
2020-02-17,1.7051385199683522
2020-02-18,1.6949113581955904
2020-02-19,1.7278377979228017
2020-02-20,1.7084314827909122
2020-02-21,1.692645256223858
2020-02-22,1.6706965133123597
2020-02-23,1.6676617456525236
2020-02-24,1.6914822796579982
2020-02-25,1.6923214955973114
2020-02-26,1.6676466171794393
2020-02-27,1.649695563998251
2020-02-28,1.6662926020193145
2020-02-29,1.6650488570382953
2020-03-01,1.6634357775659796
2020-03-02,1.6728256944303492
2020-03-03,1.6835779392805907
2020-03-04,1.6955722595575768
2020-03-05,1.7236021144820604
2020-03-06,1.7115179095949549
2020-03-07,1.7251807728071726
2020-03-08,1.7155131884971893
2020-03-09,1.7375154938087267
2020-03-10,1.7227246073844769
2020-03-11,1.7222272315196043
2020-03-12,1.7336698205209784
2020-03-13,1.8273779477554768
2020-03-14,1.7373461569902222
2020-03-15,1.7607360497236357
2020-03-16,1.7422499128590254
2020-03-17,1.7595335262152705
2020-03-18,1.7485292487809734
2020-03-19,1.7231738847419333
2020-03-20,1.700617229572366
2020-03-21,1.7073106788066053
2020-03-22,1.69777248359241
2020-03-23,1.7156067228081633
2020-03-24,1.6967003113045973
2020-03-25,1.6881756574212972
2020-03-26,1.6655789861175752
2020-03-27,1.660094716682022
2020-03-28,1.6560530890877534
2020-03-29,1.6635471123420442
2020-03-30,1.6903082320738994
2020-03-31,1.6782547153388612
2020-04-01,1.6764877307043493
2020-04-02,1.708946427435451
2020-04-03,1.7034379081127695
2020-04-04,1.708114003819067
2020-04-05,1.695415948057591
2020-04-06,1.690228505478602
2020-04-07,1.665383605519732
2020-04-08,1.6652649936036519
2020-04-09,1.6638169755230556
2020-04-10,1.6623046522335405
2020-04-11,1.6582478963572853
2020-04-12,1.6634003035801825
2020-04-13,1.662895189289804
2020-04-14,1.6650556542549073
2020-04-15,1.6535105724295076
2020-04-16,1.651052443594066
2020-04-17,1.6724626652500665
2020-04-18,1.6738523725091898
2020-04-19,1.6990311974653645
2020-04-20,1.6994948216016228
2020-04-21,1.689599665302045
2020-04-22,1.68417696507485
2020-04-23,1.699967708589976
2020-04-24,1.7192376338893198
2020-04-25,1.698094133285522
2020-04-26,1.6948661059082366
2020-04-27,1.6944192336564987
2020-04-28,1.692703725412057
2020-04-29,1.6890461176621043
2020-04-30,1.701394846817889
2020-05-01,1.6794383989491384
2020-05-02,1.675680517631406
2020-05-03,1.6818785126239761
2020-05-04,1.6805645517582786
2020-05-05,1.683755955687855
2020-05-06,1.6746347040990737
2020-05-07,1.683891330281671
2020-05-08,1.6994744384775515
2020-05-09,1.6937492812988448
2020-05-10,1.684807205387074
2020-05-11,1.6718005489550538
2020-05-12,1.669653754079361
2020-05-13,1.6522612062704873
2020-05-14,1.6578194246133864
2020-05-15,1.6653233843228095
2020-05-16,1.6506749803249885
2020-05-17,1.6509611576055343
2020-05-18,1.6575886246136242
2020-05-19,1.6341162606280248
2020-05-20,1.6364221381164392
2020-05-21,1.6418008292311552
2020-05-22,1.6361585118379123
2020-05-23,1.6317141729934896
2020-05-24,1.6276915557547178
2020-05-25,1.6234780441737027
2020-05-26,1.6322143555010098
2020-05-27,1.6361615134141743
2020-05-28,1.641836314766396
2020-05-29,1.661829802840632
2020-05-30,1.683562756389453
2020-05-31,1.7134525497364952
2020-06-01,1.7004942147385642
2020-06-02,1.7173803869988677
2020-06-03,1.7131151815167618
2020-06-04,1.7366431869899182
2020-06-05,1.7468022109114083
2020-06-06,1.7369128734251038
2020-06-07,1.7590411759921045
2020-06-08,1.7798606395400156
2020-06-09,1.8131689615342017
2020-06-10,1.8905928437010713
2020-06-11,1.8836745248706768
2020-06-12,1.932936983602019
2020-06-13,1.9249911452828063
2020-06-14,1.934482046943251
2020-06-15,1.9187423739237266
2020-06-16,1.9493119642247385
2020-06-17,1.9774297776823375
2020-06-18,2.1016596750027814
2020-06-19,2.0114517894731874
2020-06-20,2.105525859894122
2020-06-21,2.1234286581019686
2020-06-22,2.2203378182121507
2020-06-23,2.175830801493942
2020-06-24,2.1433328862421495
2020-06-25,2.1412437484927462
2020-06-26,2.1759684899491796
2020-06-27,2.1867539523380097
2020-06-28,2.1680078082083187
2020-06-29,2.1692988083863343
2020-06-30,2.1658581480734873
2020-07-01,2.145267959424069
2020-07-02,2.1479152791584863
2020-07-03,2.1306622753991444
2020-07-04,2.1334511228356003
2020-07-05,2.1616211538482077
2020-07-06,2.1824313997681575
2020-07-07,2.1284736989947604
2020-07-08,2.1881772313192496
2020-07-09,2.214715689265435
2020-07-10,2.1790640033993585
2020-07-11,2.166595820346658
2020-07-12,2.193261213343026
2020-07-13,2.192913537678654
2020-07-14,2.182736519416455
2020-07-15,2.1962651209946586
2020-07-16,2.2012520038255623
2020-07-17,2.182249899197415
2020-07-18,2.213937430578982
2020-07-19,2.2134359876851395
2020-07-20,2.1281027132559993
2020-07-21,2.118571713633138
2020-07-22,2.161828034142159
2020-07-23,2.140215450331074
2020-07-24,2.1356110295447905
2020-07-25,2.1349725556990835
2020-07-26,2.145151402013901
2020-07-27,2.1735063959139054
2020-07-28,2.100734708775015
2020-07-29,2.1161978983639265
2020-07-30,2.0990901611307664
2020-07-31,2.1524900195530203
2020-08-01,2.197738533912443
2020-08-02,2.2291133562870784
2020-08-03,2.23229559711241
2020-08-04,2.3373411824309764
2020-08-05,2.342525647381955
2020-08-06,2.3531914470429096
2020-08-07,2.395195214301695
2020-08-08,2.3902792059697746
2020-08-09,2.547036293007264
2020-08-10,2.5201691036219858
2020-08-11,2.608842960228456
2020-08-12,2.569465801010972
2020-08-13,2.72098378873966
2020-08-14,2.721612126965803
2020-08-15,2.702667526331547
2020-08-16,2.709952987413703
2020-08-17,2.7086858154934417
2020-08-18,2.6924634832813927
2020-08-19,2.6596353022514125
2020-08-20,2.5932505399586057
2020-08-21,2.6087375999520406
2020-08-22,2.5936189300590944
2020-08-23,2.654993262603013
2020-08-24,2.71995006340159
2020-08-25,2.7541584328867246
2020-08-26,2.7969101562760583
2020-08-27,2.8292175887069684
2020-08-28,2.920896381913402
2020-08-29,2.897053993604647
2020-08-30,2.924618138545912
2020-08-31,2.3697448545372684
2020-09-01,2.3431664121670046
2020-09-02,2.3606484641052203
2020-09-03,2.3805023054198493
2020-09-04,2.414317304820184
2020-09-05,2.3346539460161484
2020-09-06,2.196701358937689
2020-09-07,2.2886914728577405
2020-09-08,2.265376647138568
2020-09-09,2.2046938395154934
2020-09-10,2.2487953019708122
2020-09-11,2.2089272648342653
2020-09-12,2.2029473615806787
2020-09-13,2.196443040883321
2020-09-14,2.2412070555018886
2020-09-15,2.2488329079325458
2020-09-16,2.2119060989461787
2020-09-17,2.1971137911555227
2020-09-18,2.1940875625841723
2020-09-19,2.196111912451776
2020-09-20,2.1592722272302485
2020-09-21,2.1455410868289575
2020-09-22,2.1420233127221073
2020-09-23,2.1513443294903953
2020-09-24,2.1708377358648705
2020-09-25,2.1519146407126684
2020-09-26,2.1383292735304633
2020-09-27,2.1477073877107835
2020-09-28,2.1765765181079764
2020-09-29,2.1372030668367032
2020-09-30,2.150808416876646
2020-10-01,2.1313199502137223
2020-10-02,2.128580875005542
2020-10-03,2.157019515191267
2020-10-04,2.194758328815391
2020-10-05,2.2262902270725275
2020-10-06,2.238068593578406
2020-10-07,2.289596931568269
2020-10-08,2.2902598976486432
2020-10-09,2.275684053529014
2020-10-10,2.272441727563719
2020-10-11,2.2832109494306336
2020-10-12,2.295141957809296
2020-10-13,2.2930723121981975
2020-10-14,2.2920687392198964
2020-10-15,2.340503412860004
2020-10-16,2.3225311323413713
2020-10-17,2.293110413342046
2020-10-18,2.2827548952411574
2020-10-19,2.326644628504714
2020-10-20,2.3648756818916894
2020-10-21,2.390632333769253
2020-10-22,2.4014545208379348
2020-10-23,2.393388812224016
2020-10-24,2.363369235582707
2020-10-25,2.388403246191497
2020-10-26,2.430235429161
2020-10-27,2.433631857062148
2020-10-28,2.371077552274118
2020-10-29,2.4223843330483517
2020-10-30,2.4151302029049435
2020-10-31,2.4349442368365506
2020-11-01,2.456390925429409
2020-11-02,2.4475970987145654
2020-11-03,2.4561491680558794
2020-11-04,2.502995747000596
2020-11-05,2.503523801287931
2020-11-06,2.484356338271869
2020-11-07,2.4028818912618064
2020-11-08,2.3979472437136877
2020-11-09,2.4207224184364877
2020-11-10,2.4730422929492244
2020-11-11,2.458702117080113
2020-11-12,2.4043251158409435
2020-11-13,2.446026951692774
2020-11-14,2.5352089978890433
2020-11-15,2.600821475945979
2020-11-16,2.630233581527641
2020-11-17,2.695948189859562
2020-11-18,2.733965891619347
2020-11-19,2.7299816752846695
2020-11-20,2.742829739430552
2020-11-21,2.748616702191649
2020-11-22,2.7234005619327797
2020-11-23,2.6863399426790084
2020-11-24,2.7610098857437935
2020-11-25,2.7837437376739027
2020-11-26,2.732589952991651
2020-11-27,2.685933900388672
2020-11-28,2.7102540281408185
2020-11-29,2.7599447213694144
2020-11-30,2.775214125551906
2020-12-01,2.778449137910796
2020-12-02,2.740464474109718
2020-12-03,2.8116342664819793
2020-12-04,2.778601237607158
2020-12-05,2.7137571515287737
2020-12-06,2.785954493961235
2020-12-07,2.74430448892086
2020-12-08,2.7869649628996247
2020-12-09,2.7885421033248763
2020-12-10,2.849068555085368
2020-12-11,2.8034856726528203
2020-12-12,2.7709287066388812
2020-12-13,2.7881509646564426
2020-12-14,2.8044252256461792
2020-12-15,2.809121127292453
2020-12-16,2.8414159870275224
2020-12-17,2.871981711912747
2020-12-18,2.8645336629560436
2020-12-19,2.8963989522878757
2020-12-20,2.9617101451927397
2020-12-21,3.0356527906578292
2020-12-22,3.0000822974336563
2020-12-23,3.0531933875606785
2020-12-24,3.0886458962581123
2020-12-25,3.0579452521270114
2020-12-26,3.0569697081006395
2020-12-27,3.0872953901901563
2020-12-28,3.123247059119482
2020-12-29,3.1831423424187517
2020-12-30,3.196969096337769
2020-12-31,3.122563834238435
2021-01-01,3.089745402527383
2021-01-02,3.0538898712132583
2021-01-03,3.14745925247474
2021-01-04,3.214497475479042
2021-01-05,3.2122401889495276
2021-01-06,3.270209258336908
2021-01-07,3.2326385363116152
2021-01-08,3.1460454424450424
2021-01-09,3.1201283654703165
2021-01-10,3.171248876388099
2021-01-11,3.0799819054372475
2021-01-12,3.0270646789937663
2021-01-13,3.0767637774126766
2021-01-14,3.153135444423273
2021-01-15,3.191839023951108
2021-01-16,3.109186287210133
2021-01-17,3.2905335915368057
2021-01-18,3.3174955203752847
2021-01-19,3.2727418656351563
2021-01-20,3.257122422587597
2021-01-21,3.3545721592466626
2021-01-22,3.2110326358892585
2021-01-23,3.3179440702374237
2021-01-24,3.3496532564044252
2021-01-25,3.3733770694913274
2021-01-26,3.30915638765348
2021-01-27,3.3530012213785336
2021-01-28,3.360648207167983
2021-01-29,3.6062129334597524
2021-01-30,3.637826589178789
2021-01-31,3.443290427199534
2021-02-01,3.647268861788799
2021-02-02,3.6160786967198524
2021-02-03,3.637971602210718
2021-02-04,3.741742493134435
2021-02-05,3.837697964820323
2021-02-06,3.8491717607942957
2021-02-07,3.831763421681638
2021-02-08,3.9549151039705737
2021-02-09,4.095093793361921
2021-02-10,4.025990388260812
2021-02-11,4.164923735300043
2021-02-12,4.117544049438568
2021-02-13,4.143542086889855
2021-02-14,4.05502278275958
2021-02-15,4.011883676071871
2021-02-16,3.965878654403796
2021-02-17,3.9377665282552807
2021-02-18,3.969942494299743
2021-02-19,4.075206703381198
2021-02-20,4.161506932568355
2021-02-21,4.0577031514482105
2021-02-22,4.069045252674925
2021-02-23,4.0544376224184235
2021-02-24,3.958126605371808
2021-02-25,4.0239773163152615
2021-02-26,3.9377027256857513
2021-02-27,3.9764485692475606
2021-02-28,4.078550582704146
2021-03-01,4.151684434721035
2021-03-02,4.224852153289224
2021-03-03,4.211378344704565
2021-03-04,4.435083959157302
2021-03-05,4.508966447220252
2021-03-06,4.400431077027701
2021-03-07,4.356208754789523
2021-03-08,4.380221449788751
2021-03-09,4.60781411478239
2021-03-10,4.731967286504107
2021-03-11,4.701959559374935
2021-03-12,4.893174344010386
2021-03-13,5.296827300576681
2021-03-14,5.308871059509035
2021-03-15,5.961957845141305
2021-03-16,5.967370425761811
2021-03-17,5.621796920253272
2021-03-18,6.012620825543034
2021-03-19,5.848947516620101
2021-03-20,5.8900490481140695
2021-03-21,5.886074198679655
2021-03-22,5.979092063239701
2021-03-23,5.99574515520115
2021-03-24,5.94231813246267
2021-03-25,6.14366223583941
2021-03-26,6.197967892581106
2021-03-27,6.409776318491665
2021-03-28,6.671612005843801
2021-03-29,6.70054993882069
2021-03-30,6.662165072804987
2021-03-31,6.597691097732187
2021-04-01,6.674398668584549
2021-04-02,6.470586711848502
2021-04-03,6.368050930629291
2021-04-04,6.388586288381929
2021-04-05,6.5449090675517825
2021-04-06,6.330663540025112
2021-04-07,6.332028899501602
2021-04-08,6.269701364093658
2021-04-09,6.36063975264903
2021-04-10,6.442937549527718
2021-04-11,6.50900387136165
2021-04-12,6.590023664895508
2021-04-13,6.802825241289238
2021-04-14,6.788099554698305
2021-04-15,6.811138024409261
2021-04-16,7.069055724260732
2021-04-17,7.874614043579997
2021-04-18,8.637641905206621
2021-04-19,8.769818720160144
2021-04-20,9.397802640400522
2021-04-21,9.125726711020485
2021-04-22,8.771664512959259
2021-04-23,8.914324025401013
2021-04-24,8.794785756633276
2021-04-25,8.875364297773215
2021-04-26,8.85498028764538
2021-04-27,8.695398231326514
2021-04-28,8.587683187172127
2021-04-29,8.920310819127076
2021-04-30,8.908932884981951
2021-05-01,9.147419977070202
2021-05-02,9.213325841075308
2021-05-03,9.169946959068014
2021-05-04,9.372177580802052
2021-05-05,9.530821138706745
2021-05-06,9.878298349046101
2021-05-07,10.018720213360032
2021-05-08,10.231481788824103
2021-05-09,12.790786572081501
2021-05-10,12.81361787178999
2021-05-11,13.64376627766371
2021-05-12,13.730342903397935
2021-05-13,13.363264033158474
2021-05-14,13.304386733492185
2021-05-15,13.14113579246066
2021-05-16,12.932656323086144
2021-05-17,13.096371164188998
2021-05-18,13.041070369705475
2021-05-19,13.145769246698585
2021-05-20,12.739397192397991
2021-05-21,12.752656456160063
2021-05-22,12.510293892172914
2021-05-23,12.309637017438472
2021-05-24,12.388225260409392
2021-05-25,12.362958436882622
2021-05-26,12.363364143152431
2021-05-27,12.228127656917833
2021-05-28,12.225803729209098
2021-05-29,12.149747693511344
2021-05-30,12.078434640945062
2021-05-31,12.108245934505867
2021-06-01,12.214492571212356
2021-06-02,12.143403901713398
2021-06-03,12.173703776064578
2021-06-04,11.924475247578188
2021-06-05,11.972273226031936
2021-06-06,11.999911076029568
2021-06-07,11.939134489197233
2021-06-08,12.066576743274862
2021-06-09,12.106278839688386
2021-06-10,11.993622425136444
2021-06-11,12.2916388508154
2021-06-12,11.72254258675157
2021-06-13,11.78210056978092
2021-06-14,11.821184266543353
2021-06-15,11.645931462169738
2021-06-16,11.716128808092414
2021-06-17,12.012293348283631
2021-06-18,11.953298295179446
2021-06-19,11.913362320213578
2021-06-20,11.744023170401723
2021-06-21,11.851608424958654
2021-06-22,11.850486823453418
2021-06-23,11.881951527394126
2021-06-24,11.945892979107112
2021-06-25,11.952709670053848
2021-06-26,12.338042537871369
2021-06-27,12.335349341691776
2021-06-28,12.13323953795432
2021-06-29,11.958253591742496
2021-06-30,11.925238108500425
2021-07-01,11.864817769913868
2021-07-02,11.894225827906208
2021-07-03,11.900905302145075
2021-07-04,11.947857446011524
2021-07-05,12.032716041305067
2021-07-06,11.95101959674489
2021-07-07,12.017331247091569
2021-07-08,12.403376402835214
2021-07-09,12.60035532315515
2021-07-10,12.760486906563639
2021-07-11,12.956463015402116
2021-07-12,12.980755580466417
2021-07-13,12.76220082942073
2021-07-14,12.972494787026783
2021-07-15,13.169873150754581
2021-07-16,13.336212020793246
2021-07-17,13.098160519515554
2021-07-18,12.991949126522675
2021-07-19,13.008265732780979
2021-07-20,13.089976630854306
2021-07-21,13.232818785588993
2021-07-22,13.252303982237398
2021-07-23,13.308340593141429
2021-07-24,14.303067588779188
2021-07-25,14.457833092711995
2021-07-26,14.558327698129217
2021-07-27,14.159381134587846
2021-07-28,14.532692641220763
2021-07-29,14.335327274242628
2021-07-30,14.540113972560198
2021-07-31,14.240522911280701
2021-08-01,14.37693066948427
2021-08-02,14.52877958850394
2021-08-03,14.923474316112827
2021-08-04,15.953585561632686
2021-08-05,16.46326965575334
2021-08-06,18.672517225249013
2021-08-07,20.549413563341524
2021-08-08,19.438533438573167
2021-08-09,19.583525272841634
2021-08-10,19.55708104176762
2021-08-11,19.655427861803492
2021-08-12,19.659623968303162
2021-08-13,19.645342329858103
2021-08-14,19.682402875331782
2021-08-15,19.480059971216306
2021-08-16,19.42617781537156
2021-08-17,19.357577637802294
2021-08-18,19.523115121357158
2021-08-19,20.309937864291086
2021-08-20,20.044453382320835
2021-08-21,20.244000821296623
2021-08-22,20.504585966142276
2021-08-23,20.492086220246932
2021-08-24,20.768754077996057
2021-08-25,21.06079154752975
2021-08-26,20.780405113987825
2021-08-27,20.401605169937362
2021-08-28,21.08807956493293
2021-08-29,21.495913111696638
2021-08-30,21.100026327589863
2021-08-31,21.17260325667461
2021-09-01,21.246082238076145
2021-09-02,21.09907658027631
2021-09-03,21.098765368068022
2021-09-04,21.146042518420355
2021-09-05,20.863518081069223
2021-09-06,20.71874651690961
2021-09-07,20.878800900700092
2021-09-08,21.136257713854558
2021-09-09,21.531296427199546
2021-09-10,21.917335140071454
2021-09-11,21.989798732572677
2021-09-12,22.06852286396298
2021-09-13,22.541268125937666
2021-09-14,22.626710455684844
2021-09-15,22.176677843875076
2021-09-16,22.34510492549791
2021-09-17,23.77373465076548
2021-09-18,23.534806749787137
2021-09-19,22.793072867310887
2021-09-20,22.96499629491675
2021-09-21,22.564237530647553
2021-09-22,22.647966675327655
2021-09-23,23.050605201787672
2021-09-24,23.32838346565721
2021-09-25,23.390245000692254
2021-09-26,23.084289563958812
2021-09-27,22.8986585043503
2021-09-28,22.839113266811978
2021-09-29,22.719404029955864
2021-09-30,22.646345190435042
2021-10-01,22.557178972504712
2021-10-02,22.375402335266422
2021-10-03,22.327567419359895
2021-10-04,23.00520684623137
2021-10-05,23.433756039491918
2021-10-06,23.43699403462937
2021-10-07,25.059446634051916
2021-10-08,24.617368971376024
2021-10-09,24.572052321723238
2021-10-10,24.316343368477195
2021-10-11,24.297935320267495
2021-10-12,24.406059171194816
2021-10-13,24.537683989116577
2021-10-14,24.746373745895706
2021-10-15,24.41360124414192
2021-10-16,24.27388523553128
2021-10-17,24.222765606509945
2021-10-18,24.443378836933505
2021-10-19,24.841086546328544
2021-10-20,24.74233318940466
2021-10-21,24.652977063936756
2021-10-22,24.64245268085911
2021-10-23,24.437450261250444
2021-10-24,24.590244191066688
2021-10-25,24.746787300009725
2021-10-26,25.38601572389405
2021-10-27,25.117360243053664
2021-10-28,27.59607868599799
2021-10-29,27.11395835541597
2021-10-30,27.41541901072309
2021-10-31,28.706041224118167
2021-11-01,27.780222346538626
2021-11-02,28.420222066598733
2021-11-03,29.297909748221514
2021-11-04,28.948945580030873
2021-11-05,28.56374501532161
2021-11-06,28.414999664246473
2021-11-07,28.54560623097472
2021-11-08,28.426370774900118
2021-11-09,28.19828942122347
2021-11-10,27.50461946991529
2021-11-11,27.572938976491095
2021-11-12,28.39325138687402
2021-11-13,28.46597200042786
2021-11-14,28.94278384392474
2021-11-15,29.363754898985672
2021-11-16,29.647240009468383
2021-11-17,29.50195396316849
2021-11-18,31.09474629247829
2021-11-19,31.725937035231716
2021-11-20,32.396895299316746
2021-11-21,32.950003322732044
2021-11-22,32.53700561638736
2021-11-23,33.083387927091934
2021-11-24,32.97942000234482
2021-11-25,34.63525871428808
2021-11-26,35.23534481078638
2021-11-27,35.15096751015953
2021-11-28,35.02549646714138
2021-11-29,35.06631859954848
2021-11-30,34.93490243700287
2021-12-01,34.279161543455
2021-12-02,34.33192638530989
2021-12-03,33.56744788803169
2021-12-04,33.45657278167235
2021-12-05,33.68237885776492
2021-12-06,33.87928048824659
2021-12-07,33.81973689069299
2021-12-08,33.78140819843402
2021-12-09,33.32066006621196
2021-12-10,33.796416447060004
2021-12-11,33.791828254875405
2021-12-12,33.5442296717712
2021-12-13,33.88813877432697
2021-12-14,34.07415389311104
2021-12-15,33.86755952667009
2021-12-16,33.88059012221077
2021-12-17,33.60949857445143
2021-12-18,33.7854265518562
2021-12-19,33.565463819477124
2021-12-20,33.47540171579848
2021-12-21,33.521511431672494
2021-12-22,33.32356176335564
2021-12-23,33.02614861340707
2021-12-24,33.01423311573118
2021-12-25,33.288040598856085
2021-12-26,33.305774181471676
2021-12-27,33.57348840278377
2021-12-28,33.14337469275395
2021-12-29,33.17938356780502
2021-12-30,33.48639520901451
2021-12-31,33.94228067536388
2022-01-01,33.85929485524799
2022-01-02,33.989069144970756
2022-01-03,33.11034962227677
2022-01-04,33.533749301648854
2022-01-05,33.13706952707255
2022-01-06,32.99976052893912
2022-01-07,33.050173309874744
2022-01-08,33.01359555648442
2022-01-09,32.82592117866466
2022-01-10,33.00764796328938
2022-01-11,33.189719743197486
2022-01-12,32.94316204957055
2022-01-13,32.45945234607832
2022-01-14,32.881268184477456
2022-01-15,32.9092997180899
2022-01-16,32.707646384630166
2022-01-17,32.762789106650736
2022-01-18,33.02145599129839
2022-01-19,32.92592488229778
2022-01-20,32.817680577941495
2022-01-21,32.74063819708777
2022-01-22,33.13405719576733
2022-01-23,33.51660369304575
2022-01-24,33.190244422903376
2022-01-25,33.41882236681298
2022-01-26,33.15678419377636
2022-01-27,32.92004420427269
2022-01-28,32.8994215869731
2022-01-29,32.723952404288234
2022-01-30,32.43618410055378
2022-01-31,32.3681984242626
2022-02-01,32.13604514367128
2022-02-02,32.01680368892471
2022-02-03,32.27897526786649
2022-02-04,32.275311676324876
2022-02-05,32.02637363938267
2022-02-06,31.4881865942453
2022-02-07,31.431232235888277
2022-02-08,31.149407432464304
2022-02-09,31.31528827688554
2022-02-10,31.130375527026516
2022-02-11,31.287637648763873
2022-02-12,31.07316884115605
2022-02-13,31.023513248102713
2022-02-14,31.114335573019854
2022-02-15,30.861630300450418
2022-02-16,30.34520267923646
2022-02-17,30.280096738463957
2022-02-18,30.532861859688634
2022-02-19,30.518755210710665
2022-02-20,30.83519421002915
2022-02-21,30.87108852066194
2022-02-22,31.03776458569748
2022-02-23,31.026595032955225
2022-02-24,31.118007286364627
2022-02-25,31.304619557983894
2022-02-26,31.398752561499688
2022-02-27,31.393795144982235
2022-02-28,31.15548087900087
2022-03-01,31.19920721285273
2022-03-02,31.14435280307328
2022-03-03,31.024084917224084
2022-03-04,31.139830175484924
2022-03-05,31.32740073798377
2022-03-06,31.32495292631254
2022-03-07,31.3977887268728
2022-03-08,31.320361645051214
2022-03-09,31.29157775206113
2022-03-10,31.051414721700795
2022-03-11,31.22248027955623
2022-03-12,31.33908266434835
2022-03-13,31.576819186222107
2022-03-14,31.594294891037528
2022-03-15,31.555999125016978
2022-03-16,31.413121531012987
2022-03-17,31.19636399654408
2022-03-18,30.808957900591082
2022-03-19,30.992591883769506
2022-03-20,30.629139252465585
2022-03-21,30.43734090102659
2022-03-22,30.364138253839748
2022-03-23,30.448316924713367
2022-03-24,30.13931736567266
2022-03-25,30.2272732250253
2022-03-26,30.312457821098654
2022-03-27,30.319542788235662
2022-03-28,30.418248958389842
2022-03-29,30.05280856037191
2022-03-30,30.604910925185607
2022-03-31,30.79235111725221
2022-04-01,30.473775857613287
2022-04-02,30.803413413180376
2022-04-03,30.34395049072158
2022-04-04,30.610787112222912
2022-04-05,30.439597668313805
2022-04-06,30.05152575406194
2022-04-07,29.296554560016336
2022-04-08,29.61659143754439
2022-04-09,29.30548682866407
2022-04-10,29.415415234038615
2022-04-11,29.350147905018723
2022-04-12,29.080883582767623
2022-04-13,29.213054256384567
2022-04-14,29.36173612135658
2022-04-15,29.258689419423977
2022-04-16,29.274048790765363
2022-04-17,29.308999462847744
2022-04-18,29.174271886549256
2022-04-19,29.16112404023282
2022-04-20,29.14042340227972
2022-04-21,29.300241046122984
2022-04-22,29.300484561181516
2022-04-23,29.268563500021727
2022-04-24,29.333074984859433
2022-04-25,29.240497447959747
2022-04-26,29.309412467746668
2022-04-27,29.406711155404626
2022-04-28,29.385809791397655
2022-04-29,29.341791713623106
2022-04-30,29.65970410846948
2022-05-01,30.16055362558068
2022-05-02,29.995515236733958
2022-05-03,30.002021328472217
2022-05-04,29.930522264569518
2022-05-05,29.506000625133417
2022-05-06,29.925592088095804
2022-05-07,30.26392066115378
2022-05-08,30.498322619533628
2022-05-09,30.777858422276566
2022-05-10,31.098372391881284
2022-05-11,30.94958264774691
2022-05-12,32.04351602603554
2022-05-13,31.812660517288865
2022-05-14,30.88621689635532
2022-05-15,30.312741480136065
2022-05-16,29.824169874053304
2022-05-17,30.224295645027727
2022-05-18,29.855030193133924
2022-05-19,30.118501215491708
2022-05-20,29.966998627359906
2022-05-21,30.16298910874614
2022-05-22,29.732571803316596
2022-05-23,29.784617827168532
2022-05-24,29.914468976755483
2022-05-25,29.99820858403979
2022-05-26,30.171894919730097
2022-05-27,30.404483561681705
2022-05-28,30.563421680855583
2022-05-29,30.28565343618098
2022-05-30,29.96450096359616
2022-05-31,29.84001532538098
2022-06-01,29.83237796055555
2022-06-02,30.211763245041976
2022-06-03,30.187025248874267
2022-06-04,30.534592812726828
2022-06-05,30.280971913249157
2022-06-06,30.20281897761005
2022-06-07,29.96316205121971
2022-06-08,30.195351549485604
2022-06-09,30.309588682364996
2022-06-10,30.35425267881661
2022-06-11,30.399595090195444
2022-06-12,30.262953445553737
2022-06-13,30.274323550873397
2022-06-14,30.517852366243908
2022-06-15,30.26008696574943
2022-06-16,30.006093673277206
2022-06-17,30.80099330240967
2022-06-18,30.741293154357397
2022-06-19,31.06276479202091
2022-06-20,30.43336418289203
2022-06-21,30.34295630174234
2022-06-22,30.44990236881681
2022-06-23,30.469882894705723
2022-06-24,29.83252230384481
2022-06-25,29.498597849665273
2022-06-26,29.45855543752516
2022-06-27,29.357014232770283
2022-06-28,29.37960156631316
2022-06-29,29.351933130959658
2022-06-30,29.38827624609989
2022-07-01,29.495400542240592
2022-07-02,29.365215054231044
2022-07-03,29.209675545970608
2022-07-04,29.183760818110994
2022-07-05,28.868790098265563
2022-07-06,28.85124476734987
2022-07-07,28.62521930551638
2022-07-08,28.514809221840434
2022-07-09,28.435768558614757
2022-07-10,28.472959457600265
2022-07-11,28.417971417895878
2022-07-12,28.292061784115084
2022-07-13,28.293123098883676
2022-07-14,28.50454997633087
2022-07-15,28.93506212701776
2022-07-16,29.087157243069658
2022-07-17,29.510543694894125
2022-07-18,29.41028618424657
2022-07-19,29.99982572832701
2022-07-20,29.77758086476933
2022-07-21,29.420899413006843
2022-07-22,29.97776218067383
2022-07-23,29.56169108208337
2022-07-24,29.474904157359802
2022-07-25,29.435254427352948
2022-07-26,29.19798901113865
2022-07-27,29.05112135753795
2022-07-28,29.651746286638524
2022-07-29,30.170498354578548
2022-07-30,29.96723763519564
2022-07-31,29.495555509793018
2022-08-01,29.1299753571983
2022-08-02,28.686834291359173
2022-08-03,28.710482163629447
2022-08-04,28.959878132427455
2022-08-05,28.66997350646548
2022-08-06,29.13120876924823
2022-08-07,29.21305044103454
2022-08-08,29.112423140622603
2022-08-09,29.167471783768182
2022-08-10,29.069180464847033
2022-08-11,29.346995248937876
2022-08-12,29.110048301959505
2022-08-13,29.37395571447542
2022-08-14,29.28946691101519
2022-08-15,28.992429750739742
2022-08-16,28.981839540079722
2022-08-17,28.99709832021087
2022-08-18,28.940152488755825
2022-08-19,28.61996203205409
2022-08-20,28.18363584082651
2022-08-21,28.08828246122241
2022-08-22,28.39319008775988
2022-08-23,28.58441712107486
2022-08-24,28.592119352473656
2022-08-25,28.607133969271956
2022-08-26,28.495682764203657
2022-08-27,28.341743322429064
2022-08-28,28.295612803701417
2022-08-29,28.335821266853475
2022-08-30,28.02758449860076
2022-08-31,28.162822872295052
2022-09-01,28.20677537396604
2022-09-02,28.191088716617088
2022-09-03,28.158165224504845
2022-09-04,28.080832253906397
2022-09-05,28.100334507989423
2022-09-06,28.139616271834907
2022-09-07,28.422159825891445
2022-09-08,28.24120295716722
2022-09-09,28.125911840375828
2022-09-10,27.930582281271178
2022-09-11,27.997902238777908
2022-09-12,28.055584898350382
2022-09-13,28.079189895894668
2022-09-14,28.059987564672344
2022-09-15,27.923023226350086
2022-09-16,28.028551763425636
2022-09-17,27.960207495056796
2022-09-18,27.754268460103308
2022-09-19,27.976708756085568
2022-09-20,28.092068497449826
2022-09-21,28.149572021085266
2022-09-22,28.193147204838073
2022-09-23,28.20637733784169
2022-09-24,28.22439543384809
2022-09-25,28.168615420469806
2022-09-26,28.178606895826206
2022-09-27,28.054472723685233
2022-09-28,28.067013668446346
2022-09-29,28.051063418979375
2022-09-30,28.025901169807778
2022-10-01,28.0254065844044
2022-10-02,27.996626653949942
2022-10-03,27.931344260733756
2022-10-04,27.88054838052497
2022-10-05,27.849248043381618
2022-10-06,27.886868781351332
2022-10-07,27.865505816043008
2022-10-08,28.04094073561494
2022-10-09,28.093970815226164
2022-10-10,28.095740243562425
2022-10-11,28.151187543568
2022-10-12,28.290791340473092
2022-10-13,28.183609027802483
2022-10-14,28.22966241916216
2022-10-15,28.62405462423033
2022-10-16,28.507488692191544
2022-10-17,28.416077916057617
2022-10-18,28.516370333064643
2022-10-19,28.176530492675877
2022-10-20,28.429979916787634
2022-10-21,28.237775082554673
2022-10-22,28.22363101722746
2022-10-23,28.10597174018026
2022-10-24,28.066113384948974
2022-10-25,28.20587099901484
2022-10-26,28.021761495903224
2022-10-27,28.198444735211243
2022-10-28,28.063990599536222
2022-10-29,28.09155072037478
2022-10-30,28.910867964670157
2022-10-31,28.508062366368723
2022-11-01,28.80318125942204
2022-11-02,28.990782446536286
2022-11-03,29.77186783159268
2022-11-04,29.76911684652224
2022-11-05,29.447873681510323
2022-11-06,29.408527394211628
2022-11-07,29.54939761222999
2022-11-08,29.292984430172556
2022-11-09,28.893340666616805
2022-11-10,28.693524392659075
2022-11-11,28.86126517997299
2022-11-12,29.168635876388777
2022-11-13,29.29255669779191
2022-11-14,29.516739175164922
2022-11-15,29.137119514957714
2022-11-16,28.955239094699188
2022-11-17,29.159155998480614
2022-11-18,29.35092943834733
2022-11-19,29.484104225862186
2022-11-20,29.407149202910507
2022-11-21,29.229372618318187
2022-11-22,28.674198977443957
2022-11-23,28.75100204220298
2022-11-24,28.71063783048492
2022-11-25,28.55624446541435
2022-11-26,28.70664488470812
2022-11-27,28.69221430160241
2022-11-28,28.739786041389976
2022-11-29,28.694855692738425
2022-11-30,28.742057499907197
2022-12-01,28.762139690265737
2022-12-02,28.928745771374526
2022-12-03,28.51380775734073
2022-12-04,28.49668078331728
2022-12-05,28.367944620429995
2022-12-06,28.224041039158895
2022-12-07,28.142996372450483
2022-12-08,28.43846230048223
2022-12-09,28.469501151578964
2022-12-10,29.009576548682944
2022-12-11,28.539452814175487
2022-12-12,28.847360274769052
2022-12-13,28.923320543785554
2022-12-14,28.72421466789602
2022-12-15,28.7596362253994
2022-12-16,28.71749852319982
2022-12-17,29.078049347505786
2022-12-18,28.84478644931111
2022-12-19,28.9315199908051
2022-12-20,29.317004838236453
2022-12-21,29.134207512147004
2022-12-22,29.264498812881413
2022-12-23,29.29754511337696
2022-12-24,29.28127054710322
2022-12-25,29.360071432591585
2022-12-26,29.33999566590325
2022-12-27,29.082291113506916
2022-12-28,29.14377675686971
2022-12-29,29.46449109574332
2022-12-30,29.58507487160149
2022-12-31,29.564741403115107
2023-01-01,29.542267356806235
2023-01-02,29.47993471056388
2023-01-03,29.331734620325076
2023-01-04,29.14209476012884
2023-01-05,29.11618299994276
2023-01-06,28.97719234539231
2023-01-07,29.043606884876436
2023-01-08,29.094610729546098
2023-01-09,29.35277357401929
2023-01-10,29.396304539264534
2023-01-11,29.473672041916853
2023-01-12,29.31289415658633
2023-01-13,29.520401132002615
2023-01-14,29.987729135828438
2023-01-15,29.582131122949047
2023-01-16,29.69864600887883
2023-01-17,29.406185074992877
2023-01-18,29.417222785089827
2023-01-19,28.882448033495294
2023-01-20,29.027155800561538
2023-01-21,29.566406483300856
2023-01-22,29.295857319056328
2023-01-23,29.144158213089902
2023-01-24,29.510105768766813
2023-01-25,29.017050683185065
2023-01-26,29.564440040417594
2023-01-27,29.28639572728322
2023-01-28,29.336441450035938
2023-01-29,29.53126852940208
2023-01-30,29.669383238659893
2023-01-31,29.375851743603473
2023-02-01,29.983319996410334
2023-02-02,30.968329323006962
2023-02-03,30.96384918035581
2023-02-04,31.184426531074443
2023-02-05,31.046199644048635
2023-02-06,32.09288517046034
2023-02-07,32.162108849839136
2023-02-08,33.90047071141909
2023-02-09,32.81204346298017
2023-02-10,31.61524059311396
2023-02-11,31.979250095271965
2023-02-12,32.3335294319173
2023-02-13,32.38014039774208
2023-02-14,32.44671244901548
2023-02-15,32.88634840893358
2023-02-16,33.41840191842477
2023-02-17,34.18523834435308
2023-02-18,34.71895240006908
2023-02-19,34.89399430152858
2023-02-20,36.183143940588735
2023-02-21,37.71408748647112
2023-02-22,37.52003748114632
2023-02-23,37.50717962682181
2023-02-24,38.03870989387362
2023-02-25,36.87881066477711
2023-02-26,36.946467618069825
2023-02-27,37.138913730496576
2023-02-28,37.46603693814057
2023-03-01,37.32407918575032
2023-03-02,38.01430608954864
2023-03-03,37.529020454548565
2023-03-04,37.56597072244477
2023-03-05,37.28805249469716
2023-03-06,37.470671040617624
2023-03-07,37.158911363837085
2023-03-08,37.21102481364717
2023-03-09,37.23764426277752
2023-03-10,37.1281067072666
2023-03-11,37.06142944621147
2023-03-12,36.91145679719241
2023-03-13,36.8677748053352
2023-03-14,37.288648247001014
2023-03-15,36.831196786312205
2023-03-16,37.29490875871325
2023-03-17,37.12031340022497
2023-03-18,37.290286811369114
2023-03-19,37.580397076772535
2023-03-20,37.709947064822806
2023-03-21,38.072908800924836
2023-03-22,37.60612339994484
2023-03-23,37.83094993053321
2023-03-24,37.85538211296739
2023-03-25,37.81238633373223
2023-03-26,37.61431221701424
2023-03-27,37.6566709640689
2023-03-28,37.77570556191993
2023-03-29,37.95717214837427
2023-03-30,37.725235214747016
2023-03-31,37.822354469222816
2023-04-01,37.69975074320051
2023-04-02,37.45326558420263
2023-04-03,37.47697315036424
2023-04-04,38.13529585972897
2023-04-05,37.73587011527773
2023-04-06,38.31195767403348
2023-04-07,37.90721073917531
2023-04-08,37.947211811834435
2023-04-09,37.40359949657345
2023-04-10,37.6766159517314
2023-04-11,38.3905156905001
2023-04-12,38.38672495750114
2023-04-13,38.13022174138886
2023-04-14,38.09966966005914
2023-04-15,38.42224453113239
2023-04-16,38.32785212037682
2023-04-17,38.51921187139957
2023-04-18,38.34111473015593
2023-04-19,38.24722345555645
2023-04-20,37.890991512329094
2023-04-21,37.619596464985804
2023-04-22,36.96761062174943
2023-04-23,37.23039050067125
2023-04-24,37.110373239851484
2023-04-25,37.23905523128704
2023-04-26,37.33211820266133
2023-04-27,37.824540542643206
2023-04-28,37.904008059337826
2023-04-29,37.76098384317507
2023-04-30,37.74827278960181
2023-05-01,37.92427877819508
2023-05-02,37.9027934987304
2023-05-03,37.7281470235767
2023-05-04,37.797526394747756
2023-05-05,37.81651969391512
2023-05-06,37.944751280799046
2023-05-07,38.23519290729144
2023-05-08,38.29103314995501
2023-05-09,38.66652302502968
2023-05-10,38.54808180702979
2023-05-11,38.14801825274092
2023-05-12,38.57417934293193
2023-05-13,38.43698827055322
2023-05-14,38.39652743996967
2023-05-15,38.1191688256904
2023-05-16,37.96113863362904
2023-05-17,37.79720888975905
2023-05-18,37.76256992189562
2023-05-19,37.56415022725182
2023-05-20,37.63612489359141
2023-05-21,37.80226890059739
2023-05-22,38.0958404316452
2023-05-23,38.03168834645986
2023-05-24,38.022121741733216
2023-05-25,38.13764611365953
2023-05-26,38.0998636406057
2023-05-27,37.979298809678475
2023-05-28,37.78627158491181
2023-05-29,37.543589384510284
2023-05-30,37.317833969551295
2023-05-31,37.273587386978136
2023-06-01,37.160365147583335
2023-06-02,36.9918960770008
2023-06-03,36.89659341300259
2023-06-04,36.76696189660571
2023-06-05,36.73064303356365
2023-06-06,36.818720329422106
2023-06-07,37.066622435722
2023-06-08,37.31117206606574
2023-06-09,37.360470560354095
2023-06-10,37.324413315951915
2023-06-11,37.66952029796831
2023-06-12,37.85253699010285
2023-06-13,37.76287454006773
2023-06-14,37.56292641485435
2023-06-15,37.535377025486206
2023-06-16,37.35563861609715
2023-06-17,37.392348211726826
2023-06-18,37.38941211083283
2023-06-19,37.44670072385918
2023-06-20,37.39394546536252
2023-06-21,37.293730206211684
2023-06-22,37.2359886569556
2023-06-23,37.219184733689346
2023-06-24,37.32721853427229
2023-06-25,37.434038918562635
2023-06-26,36.96142826827049
2023-06-27,37.691817875664604
2023-06-28,37.82903661107402
2023-06-29,38.375387625036765
2023-06-30,38.99582296682955
2023-07-01,39.75241438055609
2023-07-02,39.10539542187723
2023-07-03,39.80445564999904
2023-07-04,38.85687764751434
2023-07-05,39.105499006616284
2023-07-06,39.01840592544943
2023-07-07,39.01061419020265
2023-07-08,38.99664903916759
2023-07-09,38.56877164431579
2023-07-10,38.637360669695475
2023-07-11,38.27957502145775
2023-07-12,38.41108142032804
2023-07-13,38.63403847453426
2023-07-14,37.7497048891979
2023-07-15,37.864355937830375
2023-07-16,37.75173532451581
2023-07-17,37.85337579197274
2023-07-18,37.55017010596433
2023-07-19,37.23295956272131
2023-07-20,37.504114119882516
2023-07-21,37.75304308470887
2023-07-22,37.56829692653708
2023-07-23,37.32401401474529
2023-07-24,37.29364317132644
2023-07-25,37.192421563242064
2023-07-26,37.52746834379308
2023-07-27,38.12364063559194
2023-07-28,37.36145267790456
2023-07-29,37.88998412004225
2023-07-30,37.73491999690346
2023-07-31,37.45377451415958
2023-08-01,37.32193088175589
2023-08-02,37.207034588288465
2023-08-03,37.12813591581455
2023-08-04,37.1506577778229
2023-08-05,37.09771808663457
2023-08-06,36.95567036372302
2023-08-07,36.84109422293185
2023-08-08,36.66575737884931
2023-08-09,36.77655811180732
2023-08-10,36.81066476627723
2023-08-11,36.92788316513489
2023-08-12,36.98889222963118
2023-08-13,37.05016681571319
2023-08-14,37.15270100031108
2023-08-15,37.20281723794574
2023-08-16,37.620391016299926
2023-08-17,37.58105576330519
2023-08-18,38.07121708982232
2023-08-19,38.05561762550316
2023-08-20,37.99430383895219
2023-08-21,37.94296048212164
2023-08-22,38.117559220937736
2023-08-23,38.009596872325595
2023-08-24,37.98018381571206
2023-08-25,38.10040860384287
2023-08-26,38.078247278698875
2023-08-27,38.090496544341605
2023-08-28,37.94788371344438
2023-08-29,37.97089027360955
2023-08-30,37.76958539398102
2023-08-31,37.9416566245492
2023-09-01,38.141497624429846
2023-09-02,38.27719379458223
2023-09-03,38.20562812934885
2023-09-04,38.13387256854719
2023-09-05,38.217950753787605
2023-09-06,37.95926822435281
2023-09-07,38.07857310377512
2023-09-08,38.05722063656383
2023-09-09,38.06333426286555
2023-09-10,38.06304790251278
2023-09-11,38.34557819883199
2023-09-12,38.54393277359558
2023-09-13,38.61783806233936
2023-09-14,38.45922607272026
2023-09-15,38.447574762376654
2023-09-16,38.52800837380233
2023-09-17,38.64679162109483
2023-09-18,38.511457382505306
2023-09-19,38.430882556890154
2023-09-20,38.52534635718086
2023-09-21,38.86793593512291
2023-09-22,38.951001927150266
2023-09-23,38.9366472328713
2023-09-24,39.09077334293788
2023-09-25,38.34133204714337
2023-09-26,38.45049838309619
2023-09-27,38.58859866171653
2023-09-28,38.76734824437161
2023-09-29,38.740624202183554
2023-09-30,38.596669375167835
2023-10-01,38.3775679072646
2023-10-02,38.27927970656796
2023-10-03,38.02173043778284
2023-10-04,37.55867887024381
2023-10-05,37.633734001093416
2023-10-06,37.62166015923855
2023-10-07,37.521159825917
2023-10-08,37.47436279389446
2023-10-09,37.37307244231867
2023-10-10,37.322925393475174
2023-10-11,37.298037446210344
2023-10-12,37.28208607088124
2023-10-13,37.24934527357816
2023-10-14,37.32182979876199
2023-10-15,37.25704520030304
2023-10-16,37.44061170151016
2023-10-17,37.356989397264186
2023-10-18,37.87845637233101
2023-10-19,37.90833555198737
2023-10-20,37.94069706104226
2023-10-21,37.96218375154091
2023-10-22,37.739551383319906
2023-10-23,37.881858304889704
2023-10-24,38.35397534494017
2023-10-25,37.92266600281366
2023-10-26,38.08219193622074
2023-10-27,37.92332811170802
2023-10-28,38.22662527755991
2023-10-29,38.408378039745564
2023-10-30,38.532954695067836
2023-10-31,38.455684405146265
2023-11-01,38.67861751123386
2023-11-02,38.7363761502997
2023-11-03,37.965732240319376
2023-11-04,37.878293875430856
2023-11-05,38.03699418206669
2023-11-06,38.096180469555726
2023-11-07,38.583047684285674
2023-11-08,38.30451168559992
2023-11-09,38.447919011360256
2023-11-10,38.457163173202815
2023-11-11,39.488630250956255
2023-11-12,39.752299755559726
2023-11-13,39.90230411343933
2023-11-14,38.807322221476255
2023-11-15,39.120168484070675
2023-11-16,40.67021481085237
2023-11-17,40.38828845481986
2023-11-18,40.37881933085774
2023-11-19,40.47733758191296
2023-11-20,40.82795681628366
2023-11-21,40.47214531191881
2023-11-22,39.571947486547444
2023-11-23,40.588629541833114
2023-11-24,40.27867450682012
2023-11-25,40.450340893463895
2023-11-26,40.44042817054321
2023-11-27,40.22228281745812
2023-11-28,40.04380568215639
2023-11-29,40.334098085450215
2023-11-30,41.002140108660306
2023-12-01,40.46763411093037
2023-12-02,40.538522091687106
2023-12-03,40.77197623472956
2023-12-04,40.97567491567997
2023-12-05,41.752799752403035
2023-12-06,41.76633857017375
2023-12-07,41.1704873946348
2023-12-08,41.20024532501902
2023-12-09,42.32491240831143
2023-12-10,42.24027843190621
2023-12-11,43.109926067734165
2023-12-12,43.07233933179451
2023-12-13,43.33242411213462
2023-12-14,44.11906284707253
2023-12-15,44.99983536139628
2023-12-16,45.33550270945563
2023-12-17,46.046978074316755
2023-12-18,45.63271124429917
2023-12-19,46.88988173429844
2023-12-20,46.99110458936418
2023-12-21,48.275878039844855
2023-12-22,48.92097237133609
2023-12-23,48.325826635788175
2023-12-24,49.707652312715275
2023-12-25,49.141219231890474
2023-12-26,49.964998167071606
2023-12-27,49.49051763383171
2023-12-28,48.141372230731655
2023-12-29,47.29209186751667
2023-12-30,47.476530640073726
2023-12-31,47.57845206301612
2024-01-01,47.95334542639186
2024-01-02,48.1176551744219
2024-01-03,48.10562919085046
2024-01-04,48.053504139694816
2024-01-05,48.43465303455868
2024-01-06,48.390480234685796
2024-01-07,47.61246040591406
2024-01-08,47.435052279261875
2024-01-09,48.074618970460385
2024-01-10,48.158720144534286
2024-01-11,48.49340552515462
2024-01-12,48.020230611865934
2024-01-13,47.58393572158963
2024-01-14,47.65840593144323
2024-01-15,47.48756411272499
2024-01-16,47.52869967401893
2024-01-17,48.120956813583895
2024-01-18,48.03432799572481
2024-01-19,47.71922759000619
2024-01-20,47.546493432810834
2024-01-21,47.61735713094809
2024-01-22,47.74137772365639
2024-01-23,47.8333031133076
2024-01-24,47.751288587209125
2024-01-25,47.65947621127569
2024-01-26,48.02704562036726
2024-01-27,47.79352960719823
2024-01-28,47.50247104854958
2024-01-29,47.342682697983356
2024-01-30,47.18337352067072
2024-01-31,47.30706420003794
2024-02-01,47.212757628247346
2024-02-02,47.04998210463552
2024-02-03,47.06944492274076
2024-02-04,47.5229025027622
2024-02-05,48.23626294582492
2024-02-06,47.83073966274153
2024-02-07,47.72232887168441
2024-02-08,47.236994221940975
2024-02-09,47.731773624761004
2024-02-10,48.981027727744696
2024-02-11,48.187119054459124
2024-02-12,48.41283820235352
2024-02-13,48.09990454374467
2024-02-14,48.48346129057795
2024-02-15,49.78324968103563
2024-02-16,49.78632486734477
2024-02-17,49.145553572980624
2024-02-18,49.10001806071306
2024-02-19,48.977587175456094
2024-02-20,49.64929466683146
2024-02-21,49.54413041711038
2024-02-22,49.76951991753389
2024-02-23,50.06405549583861
2024-02-24,49.08591197591861
2024-02-25,49.33432428380556
2024-02-26,49.7240366466588
2024-02-27,49.36424982187828
2024-02-28,49.135986035374316
2024-02-29,50.38956866462633
2024-03-01,49.634187774195496
2024-03-02,50.19185839724746
2024-03-03,50.238768600855195
2024-03-04,51.1128682192565
2024-03-05,52.236711318263474
2024-03-06,51.88044364044
2024-03-07,52.96310438845035
2024-03-08,52.606288279075166
2024-03-09,53.3877647237719
2024-03-10,54.25250216437754
2024-03-11,54.26724467983292
2024-03-12,53.63730243733075
2024-03-13,53.52396311696446
2024-03-14,53.59356713312278
2024-03-15,53.92210705600713
2024-03-16,53.340594772178534
2024-03-17,52.503527772159075
2024-03-18,54.94124920048924
2024-03-19,54.43883407023628
2024-03-20,53.31770184456936
2024-03-21,53.866075060255845
2024-03-22,52.44945539304733
2024-03-23,52.23260562231141
2024-03-24,52.210052447471064
2024-03-25,52.58948416313228
2024-03-26,52.64167774302736
2024-03-27,52.93499113803308
2024-03-28,53.11341511531839
2024-03-29,53.44423286794133
2024-03-30,53.28215963154386
2024-03-31,53.21906335659929
2024-04-01,54.36512999909089
2024-04-02,53.830116205965666
2024-04-03,53.54655998399012
2024-04-04,53.17681586777077
2024-04-05,53.70393030008835
2024-04-06,53.191895054916856
2024-04-07,53.47171579673239
2024-04-08,53.49150144002996
2024-04-09,53.31092748098871
2024-04-10,53.77008915107531
2024-04-11,54.4461452797123
2024-04-12,54.52961742194692
2024-04-13,55.636561618786715
2024-04-14,56.604530846988254
2024-04-15,55.86458394993346
2024-04-16,56.45713642979044
2024-04-17,55.75485352885658
2024-04-18,55.586124006340434
2024-04-19,55.24993862586906
2024-04-20,55.2139746879192
2024-04-21,54.875791471904506
2024-04-22,54.77606495867242
2024-04-23,54.65359416063429
2024-04-24,54.59938726475659
2024-04-25,53.944198185571494
2024-04-26,53.713134088802654
2024-04-27,53.755480040488926
2024-04-28,53.522049014444185
2024-04-29,53.69991033437613
2024-04-30,53.6285273807284
2024-05-01,53.61800225492047
2024-05-02,53.209009252451466
2024-05-03,53.174689875209225
2024-05-04,52.994702852977575
2024-05-05,53.34834443315764
2024-05-06,53.660145592477186
2024-05-07,53.623230687748624
2024-05-08,53.61752962074217
2024-05-09,53.36413060427481
2024-05-10,53.21892593352884
2024-05-11,53.79759664210109
2024-05-12,53.79922178287491
2024-05-13,53.868790710667156
2024-05-14,53.755893153584914
2024-05-15,53.57116864596216
2024-05-16,53.748583113681754
2024-05-17,54.029025577102296
2024-05-18,54.194165880279904
2024-05-19,53.94350667500163
2024-05-20,53.91463566603399
2024-05-21,53.523643127179014
2024-05-22,52.63468042850562
2024-05-23,52.849689287635584
2024-05-24,52.998695806528346
2024-05-25,53.15113378330496
2024-05-26,53.36409588440089
2024-05-27,53.554133109688486
2024-05-28,53.374946769557226
2024-05-29,53.40320458889083
2024-05-30,53.37344488065397
2024-05-31,53.12983653093126
2024-06-01,53.3004324777832
2024-06-02,53.19009345530942
2024-06-03,52.943192449746554
2024-06-04,52.83687912322569
2024-06-05,52.83487354538347
2024-06-06,52.60699904969832
2024-06-07,52.606388850235845
2024-06-08,52.29767682832694
2024-06-09,52.69770499017344
2024-06-10,52.63984208303858
2024-06-11,52.85871597333831
2024-06-12,52.49082460253654
2024-06-13,52.511617313281775
2024-06-14,52.86792884866907
2024-06-15,52.94435826513155
2024-06-16,53.09454496641394
2024-06-17,52.89113942766535
2024-06-18,53.52152986656674
2024-06-19,53.984171062182526
2024-06-20,53.599665941335516
2024-06-21,53.2818904370504
2024-06-22,53.10985048509391
2024-06-23,53.18295439079929
2024-06-24,53.24778118520184
2024-06-25,52.76749916172227
2024-06-26,52.71099201043857
2024-06-27,52.80352442706568
2024-06-28,52.51669606268073
2024-06-29,52.579366728508106
2024-06-30,52.80130504634453
2024-07-01,52.52442849882205
2024-07-02,52.777561361248765
2024-07-03,52.574098980975464
2024-07-04,52.8998138274864
2024-07-05,53.62931959044179
2024-07-06,54.20100786838067
2024-07-07,53.12518926701546
2024-07-08,53.56348044179373
2024-07-09,53.24949569233606
2024-07-10,53.20533129269317
2024-07-11,53.027131228088784
2024-07-12,53.25431642654021
2024-07-13,53.06566848655482
2024-07-14,53.106778495536055
2024-07-15,52.91548247412825
2024-07-16,52.72871533159526
2024-07-17,53.247876992939794
2024-07-18,53.31734507146307
2024-07-19,52.94716928678655
2024-07-20,53.14432169118781
2024-07-21,53.48845976078026
2024-07-22,54.085366816643955
2024-07-23,53.627274595401516
2024-07-24,52.985645297168574
2024-07-25,53.26652986664831
2024-07-26,53.147609080239455
2024-07-27,53.16240797161321
2024-07-28,52.97181827210305
2024-07-29,53.04004421602539
2024-07-30,52.827085552471445
2024-07-31,52.78718658033895
2024-08-01,52.846134701350486
2024-08-02,52.83232241594503
2024-08-03,52.648198269169384
2024-08-04,52.00030500843904
2024-08-05,51.794323735811496
2024-08-06,52.3729329004484
2024-08-07,51.911335818331814
2024-08-08,52.69473353825324
2024-08-09,51.57271933009034
2024-08-10,52.338445729499846
2024-08-11,52.32081709349518
2024-08-12,52.51763923559194
2024-08-13,52.131370898874096
2024-08-14,51.921291231633866
2024-08-15,52.013930995716976
2024-08-16,52.54097440055109
2024-08-17,52.707562530704415
2024-08-18,52.58470311359372
2024-08-19,52.394943220406255
2024-08-20,52.41378979235009
2024-08-21,53.67860331930327
2024-08-22,52.73518001241023
2024-08-23,52.89413127421073
2024-08-24,53.945824020221025
2024-08-25,54.07874669730835
2024-08-26,54.145815641202084
2024-08-27,53.96269188320309
2024-08-28,54.766556489987046
2024-08-29,54.51374758213411
2024-08-30,54.81968425965636
2024-08-31,54.54983315717687
2024-09-01,54.43131823485106
2024-09-02,54.73338914619912
2024-09-03,54.675278446136346
2024-09-04,54.44846836852292
2024-09-05,54.8178951177558
2024-09-06,54.66580989837633
2024-09-07,54.48244956469429
2024-09-08,54.325782669355775
2024-09-09,54.22499431666628
2024-09-10,54.151499395053825
2024-09-11,54.397238598996054
2024-09-12,54.30522878989681
2024-09-13,54.07550106532408
2024-09-14,54.004714250424456
2024-09-15,54.038751426722456
2024-09-16,54.48571434145666
2024-09-17,54.228197514830626
2024-09-18,54.48026271325969
2024-09-19,54.46077867058508
2024-09-20,54.429832448619244
2024-09-21,54.67442769697236
2024-09-22,54.207117750980316
2024-09-23,54.543085864231266
2024-09-24,54.6847051306428
2024-09-25,54.15672097931153
2024-09-26,54.14820952782711
2024-09-27,54.40319304526118
2024-09-28,54.58524569402814
2024-09-29,54.7125932488703
2024-09-30,54.57316540201602
2024-10-01,53.99132343357737
2024-10-02,53.61649540092613
2024-10-03,53.31431350829345
2024-10-04,52.738418973863745
2024-10-05,53.55904515211533
2024-10-06,53.075365236109185
2024-10-07,53.2578279012789
2024-10-08,53.29018500104564
2024-10-09,52.89503089441928
2024-10-10,52.48256065702144
2024-10-11,52.242532254613614
2024-10-12,52.62976732213956
2024-10-13,52.70971369040906
2024-10-14,52.807704542523645
2024-10-15,53.130946991018575
2024-10-16,53.10399668128292
2024-10-17,52.93906464262429
2024-10-18,53.12513562106138
2024-10-19,53.41760796314641
2024-10-20,53.435520004628444
2024-10-21,53.326304891595456
2024-10-22,53.45178032906894
2024-10-23,53.50323164280093
2024-10-24,53.586423283854
2024-10-25,54.256265251217506
2024-10-26,54.348807087730435
2024-10-27,54.30077160602436
2024-10-28,55.04002364036698
2024-10-29,54.83958683463697
2024-10-30,54.78962787397951
2024-10-31,54.604426084859746
2024-11-01,54.67568431370076
2024-11-02,54.873459571745954
2024-11-03,54.956484273153414
2024-11-04,54.94731152094796
2024-11-05,54.896469858692484
2024-11-06,54.46458625874119
2024-11-07,54.40966726353303
2024-11-08,54.46521946324537
2024-11-09,54.52355298440049
2024-11-10,54.802031994386624
2024-11-11,54.971678983217444
2024-11-12,55.40883937943014
2024-11-13,54.628507700239766
2024-11-14,54.94644956748914
2024-11-15,54.26312563570881
2024-11-16,55.95438431827349
2024-11-17,56.331604133699315
2024-11-18,58.491895533961916
2024-11-19,59.03355018951799
2024-11-20,59.36307188007171
2024-11-21,59.79385408969736
2024-11-22,59.584960181707295
2024-11-23,61.64565477050095
2024-11-24,62.18400716241012
2024-11-25,62.41996995098359
2024-11-26,60.708504142465884
2024-11-27,60.32202781585128
2024-11-28,60.1236110270119
2024-11-29,60.133516740310625
2024-11-30,62.18250511291164
2024-12-01,62.13135144146126
2024-12-02,63.24490294531332
2024-12-03,65.66175209317812
2024-12-04,63.68621703951437
2024-12-05,64.44135545720346
2024-12-06,64.09963482774064
2024-12-07,64.66455988147469
2024-12-08,64.35033754091785
2024-12-09,64.86054923892226
2024-12-10,63.49555818230189
2024-12-11,63.421259605861266
2024-12-12,63.895872230694614
2024-12-13,64.32445552051372
2024-12-14,64.06917035325247
2024-12-15,63.82318039625291
2024-12-16,63.787865961107215
2024-12-17,63.32428267801283
2024-12-18,63.18238306221559
2024-12-19,62.54987789111158
2024-12-20,61.64181524983971
2024-12-21,62.28060551976362
2024-12-22,61.80980087060859
2024-12-23,62.14913768673712
2024-12-24,62.70283644179919
2024-12-25,62.75054102897133
2024-12-26,62.6156158125011
2024-12-27,62.19753977322148
2024-12-28,62.045952743859054
2024-12-29,62.07576072966188
2024-12-30,62.120238905358825
