Date,Price,Volume,Market Cap
2021-02-26,46425.341140229146,2166746.351910774,0.0
2021-02-27,46425.341140229146,2166746.351910774,0.0
2021-02-28,46019.209636267966,1463571.7253960704,0.0
2021-03-01,45692.90362161007,1976480.1389189826,0.0
2021-03-02,49728.46308011115,2048407.1499032306,0.0
2021-03-03,48614.881339641135,1349759.0678247497,0.0
2021-03-04,50691.985686319014,1851802.4519802276,0.0
2021-03-05,48727.515365049425,2186392.423722248,0.0
2021-03-06,48883.80071799211,1857601.678098485,0.0
2021-03-07,49080.858332873104,1540607.7549168628,0.0
2021-03-08,51230.91418514685,1949112.7322536171,0.0
2021-03-09,51940.629692158596,1479914.9479538118,0.0
2021-03-10,54769.34460468322,2163758.368668407,0.0
2021-03-11,56362.470318320055,2119233.096218344,0.0
2021-03-12,57813.13677089154,2082828.966918938,0.0
2021-03-13,57305.332826187776,3948632.8409232274,0.0
2021-03-14,61278.47862334484,1836631.0966629134,0.0
2021-03-15,59753.26907169071,1547341.571674397,0.0
2021-03-16,56138.63443920287,2104538.2824884616,0.0
2021-03-17,56753.420465470605,2871895.0504469215,0.0
2021-03-18,59116.37195553519,1303682.9977072114,0.0
2021-03-19,57850.793433101164,1195350.238857254,0.0
2021-03-20,58551.704268487294,1786531.6699650458,0.0
2021-03-21,58457.86753130527,2328242.3987464444,0.0
2021-03-22,57690.47758864311,1713794.3111503331,0.0
2021-03-23,54332.64288043889,1480259.3561734385,0.0
2021-03-24,54690.620869365484,2977488.67396216,0.0
2021-03-25,52861.7566219043,2701062.46100263,0.0
2021-03-26,51571.670262934305,1847905.8643887436,0.0
2021-03-27,54749.86639936332,2515115.675859964,0.0
2021-03-28,55932.448371099716,2789880.924082847,0.0
2021-03-29,55757.36116905247,2406445.112719586,0.0
2021-03-30,57743.823835719624,2284817.093465306,0.0
2021-03-31,58724.03997988916,4416023.881043028,0.0
2021-04-01,58835.6642002644,3959251.657659128,0.0
2021-04-02,58804.07879564713,3605933.034816512,0.0
2021-04-03,58937.06585906255,7172646.179100216,0.0
2021-04-04,57153.05417949075,3743380.477731319,0.0
2021-04-05,58124.71740792266,3893100.66105537,0.0
2021-04-06,58945.20248667824,3172434.085845556,0.0
2021-04-07,58044.86061248276,8201526.635792789,0.0
2021-04-08,56259.79783324192,9599834.290991468,0.0
2021-04-09,58102.96434311944,4765036.5261907,0.0
2021-04-10,58094.58973285864,5181269.207416152,0.0
2021-04-11,59917.088247964006,10293208.642157782,0.0
2021-04-12,60122.177426053364,7128689.5449968325,0.0
2021-04-13,59879.59996852239,21699455.853987616,0.0
2021-04-14,63759.14257282358,17504544.977875587,0.0
2021-04-15,62950.78186019103,13775286.723568767,0.0
2021-04-16,63114.712796965716,9618994.085687099,0.0
2021-04-17,61675.19349165976,12927825.20052735,0.0
2021-04-18,60147.5889892473,6653862.066212839,0.0
2021-04-19,56387.1240460762,16300142.953071607,0.0
2021-04-20,55724.66455221013,16789539.04238592,0.0
2021-04-21,56472.46500750494,12298104.075102145,0.0
2021-04-22,54271.45820482336,11738863.40777566,0.0
2021-04-23,52179.881347593546,26978129.93127958,0.0
2021-04-24,51050.262825989346,13188324.588686354,0.0
2021-04-25,50085.20914032451,4037696.443926755,0.0
2021-04-26,48794.14125785117,53733870.95796514,0.0
2021-04-27,54055.58536724041,3313659.3609546,0.0
2021-04-28,54909.884398463604,3551200.667371969,0.0
2021-04-29,54581.42370914671,59259268.965285726,0.0
2021-04-30,53464.61003584908,67170214.32576592,0.0
2021-05-01,57640.283369456825,75334755.41071716,0.0
2021-05-02,57642.62166581338,80239993.38518585,0.0
2021-05-03,56421.29109908869,74030621.71742854,0.0
2021-05-04,57138.94730562887,20209754.64416124,0.0
2021-05-05,53582.846376596775,79771504.09644836,0.0
2021-05-06,57214.141438952465,107168106.89048977,0.0
2021-05-07,56553.08148848283,100940966.43157382,0.0
2021-05-08,57247.37980826279,111165004.39151981,0.0
2021-05-09,58607.38430727928,133752339.0266309,0.0
2021-05-10,58057.43403495671,142800125.72014284,0.0
2021-05-11,55823.31009223453,132968370.71430545,0.0
2021-05-12,56490.811881322836,66853621.94594258,0.0
2021-05-13,50239.16568446482,54491389.66950034,0.0
2021-05-14,49501.51788621179,77261227.6112578,0.0
2021-05-15,50021.534559503016,79267493.0722963,0.0
2021-05-16,47059.46213792605,76579604.2840454,0.0
2021-05-17,46504.4162808676,76164999.8569023,0.0
2021-05-18,43661.51082612229,84509535.02961709,0.0
2021-05-19,42784.18827250781,57669222.22268648,0.0
2021-05-20,37952.809618803294,184506915.28726584,0.0
2021-05-21,40435.652492764515,117281533.70397478,0.0
2021-05-22,37290.33629425416,126519741.05153474,0.0
2021-05-23,37014.72157622423,73857330.45092893,0.0
2021-05-24,34907.02254191308,100315932.9453434,0.0
2021-05-25,38499.956155886415,214775327.85284007,0.0
2021-05-26,38436.5302593269,157981754.3959907,0.0
2021-05-27,39502.82512148604,108773054.36568844,0.0
2021-05-28,38726.13555208908,92531978.00735511,0.0
2021-05-29,36052.247464038344,137501683.32650653,0.0
2021-05-30,34951.55363754998,142100977.57897905,0.0
2021-05-31,35693.52259607647,100358090.27987689,0.0
2021-06-01,37699.7945299014,112138942.98284814,0.0
2021-06-02,36635.72417144328,106620756.28182352,0.0
2021-06-03,37942.98027287193,97045532.8855947,0.0
2021-06-04,39446.224675414276,83876864.03416862,0.0
2021-06-05,37058.5721539456,113108599.60511418,0.0
2021-06-06,35628.57651618521,92623491.00889827,0.0
2021-06-07,36174.559310587785,49379991.83926099,0.0
2021-06-08,33841.60283113916,64128046.52433626,0.0
2021-06-09,33584.32347416535,130339070.90119258,0.0
2021-06-10,37412.615260621074,115113098.98829621,0.0
2021-06-11,36890.57493259272,93973255.66686225,0.0
2021-06-12,37016.587054496435,80335880.76222397,0.0
2021-06-13,35632.92925247071,77880047.6740927,0.0
2021-06-14,39154.707068529824,78554886.48177327,0.0
2021-06-15,40437.67311315415,85396793.90836953,0.0
2021-06-16,40280.65835721341,73061105.70099649,0.0
2021-06-17,38316.904690638956,69744353.89074036,0.0
2021-06-18,38135.11411346922,49691411.4882114,0.0
2021-06-19,36002.90732976321,54073127.28568439,0.0
2021-06-20,35502.064942166784,55995628.02705065,0.0
2021-06-21,35737.57677651226,70705885.92850739,0.0
2021-06-22,31814.59916687467,151722395.64523792,0.0
2021-06-23,32443.761645128638,195520566.2655586,0.0
2021-06-24,33863.69499216293,76361288.314671,0.0
2021-06-25,34881.03842215917,43588098.63892563,0.0
2021-06-26,31844.729376742816,47228007.60940536,0.0
2021-06-27,31856.976977459595,46721796.457581915,0.0
2021-06-28,34617.33575656058,37556510.37831319,0.0
2021-06-29,34515.9252104172,26465221.98582341,0.0
2021-06-30,35562.05644138204,32006330.66286429,0.0
2021-07-01,35156.47943641572,39998916.244956635,0.0
2021-07-02,33657.91111871881,38932727.02716052,0.0
2021-07-03,33860.95510288761,31920993.55845631,0.0
2021-07-04,34675.87582293838,27575385.63269849,0.0
2021-07-05,35447.89859002078,34279898.16378527,0.0
2021-07-06,34135.178629613016,39226737.54442002,0.0
2021-07-07,34249.67387645167,46192467.68143046,0.0
2021-07-08,34092.754335856116,23278491.217845548,0.0
2021-07-09,32957.4029072679,29205886.044907924,0.0
2021-07-10,33914.65391294786,22150967.246803995,0.0
2021-07-11,33737.48134186937,15051167.90483936,0.0
2021-07-12,34347.429037971095,27605692.087729722,0.0
2021-07-13,33398.51348288491,33467183.52524186,0.0
2021-07-14,32541.05898976481,29951006.674408536,0.0
2021-07-15,32786.2614928518,43071005.29744357,0.0
2021-07-16,31701.88174850824,33881784.22589928,0.0
2021-07-17,31405.856506502674,35570082.39711149,0.0
2021-07-18,31748.764484387022,29477535.662401453,0.0
2021-07-19,31814.43507798955,21881921.273319155,0.0
2021-07-20,30913.720742235128,31238192.795498762,0.0
2021-07-21,29946.21628531127,42474571.63251668,0.0
2021-07-22,32410.692489858284,61753305.71561034,0.0
2021-07-23,32310.947993555066,32259652.835906684,0.0
2021-07-24,33359.55887673752,27058207.700741626,0.0
2021-07-25,34225.796404062654,29709027.12463919,0.0
2021-07-26,34882.03195394786,23745890.390101206,0.0
2021-07-27,37339.83710250461,119189563.73282212,0.0
2021-07-28,38659.315754638905,72760539.61251782,0.0
2021-07-29,39897.46444113563,79632906.53849085,0.0
2021-07-30,39801.87315040892,46580531.71895271,0.0
2021-07-31,40894.75556817952,46342459.90767581,0.0
2021-08-01,41626.236714952065,43736372.77429347,0.0
2021-08-02,40006.976668109746,46647963.582688674,0.0
2021-08-03,39289.63769350759,44250805.36965549,0.0
2021-08-04,38279.775570913735,44872056.94362967,0.0
2021-08-05,44403.15013367951,54345796.24078759,0.0
2021-08-06,41495.74535151836,70817894.09854203,0.0
2021-08-07,42748.72764873603,60832630.30926223,0.0
2021-08-08,44217.75225516022,51402346.232920945,0.0
2021-08-09,43874.65203210916,44351146.739400946,0.0
2021-08-10,46251.62598558155,44859250.77953279,0.0
2021-08-11,45808.58953600423,35452430.22422786,0.0
2021-08-12,45921.21334492053,33379125.200695463,0.0
2021-08-13,44612.51624298226,29207477.70645409,0.0
2021-08-14,47323.224784816855,36527016.320439205,0.0
2021-08-15,46939.61395843862,28969068.218621023,0.0
2021-08-16,47158.90402130151,29166179.862885818,0.0
2021-08-17,46002.33776124792,24222780.46063482,0.0
2021-08-18,44580.73524238348,41444426.88401794,0.0
2021-08-19,45255.414294116876,42582793.135424085,0.0
2021-08-20,46397.86025647883,38831018.13260571,0.0
2021-08-21,49211.05313116402,31275884.448062465,0.0
2021-08-22,49047.60224298111,29800728.777237367,0.0
2021-08-23,49470.99048369909,23450504.515711773,0.0
2021-08-24,49621.60541371472,43229004.34765935,0.0
2021-08-25,48167.86973477594,41516272.07855947,0.0
2021-08-26,48988.743186416286,40818733.12496717,0.0
2021-08-27,47182.609209033675,47573876.71722958,0.0
2021-08-28,48724.7449477472,20487259.633042376,0.0
2021-08-29,49025.284312999764,10538452.538995795,0.0
2021-08-30,49234.708618936624,13259331.1599546,0.0
2021-08-31,47202.13600583574,22733753.91504902,0.0
2021-09-01,47097.62237196101,26803722.35791301,0.0
2021-09-02,48799.17369682901,26445502.279050365,0.0
2021-09-03,49319.68994147296,18656940.77741893,0.0
2021-09-04,49835.629232825995,24254020.277038872,0.0
2021-09-05,49936.3675357376,19563500.17178887,0.0
2021-09-06,51696.139283941324,14604217.470278654,0.0
2021-09-07,52709.206652833105,18684039.706142724,0.0
2021-09-08,46743.79943658819,104608946.12185822,0.0
2021-09-09,46497.679503344036,38025275.935542926,0.0
2021-09-10,46570.877290735865,21838516.623249818,0.0
2021-09-11,44766.04803226772,24128263.578612115,0.0
2021-09-12,45190.889368935204,12228949.307331882,0.0
2021-09-13,46201.67453717021,14122539.894605918,0.0
2021-09-14,45147.42150227947,29717895.84058143,0.0
2021-09-15,47064.47306611452,26460933.871644035,0.0
2021-09-16,48256.5554489802,18420658.61739018,0.0
2021-09-17,47740.97982898805,16637709.431112127,0.0
2021-09-18,47422.27697607772,12903204.477760358,0.0
2021-09-19,48371.634412877625,9884389.993341077,0.0
2021-09-20,47355.799751074075,12176725.684719514,0.0
2021-09-21,42809.85193519249,32241868.55651951,0.0
2021-09-22,41166.12724470745,39183572.49783331,0.0
2021-09-23,43412.35995528186,21287468.218751602,0.0
2021-09-24,44902.99437542445,16186302.70863942,0.0
2021-09-25,42766.346089665676,35369509.45412154,0.0
2021-09-26,42852.13485028535,14862321.36806755,0.0
2021-09-27,43249.06231234058,27789230.001356483,0.0
2021-09-28,42089.11545075516,15827856.166670518,0.0
2021-09-29,41048.50856180097,18639656.481954943,0.0
2021-09-30,41656.370745643406,20077511.81883639,0.0
2021-10-01,43784.40369808155,27664853.711340018,0.0
2021-10-02,48139.02912621882,37143012.226402216,0.0
2021-10-03,47769.21847281235,20129944.192332588,0.0
2021-10-04,48292.32948822806,19163984.68451563,0.0
2021-10-05,49393.60313473012,29822273.91967374,0.0
2021-10-06,51733.35679572742,29791156.50528553,0.0
2021-10-07,55574.41774308435,56049120.3736249,0.0
2021-10-08,53985.805712510955,35507571.37287113,0.0
2021-10-09,53981.67382092553,30543065.7032207,0.0
2021-10-10,55123.352931942456,16876422.750235513,0.0
2021-10-11,54668.87417113677,29745980.436392,0.0
2021-10-12,57407.34260202188,35091075.13294544,0.0
2021-10-13,56444.21686176302,55393284.154080264,0.0
2021-10-14,57497.574773117354,64551735.928569585,0.0
2021-10-15,57328.86863603115,38098028.931908004,0.0
2021-10-16,61841.31313065266,64767908.7234815,0.0
2021-10-17,61157.47374545566,36988993.920454256,0.0
2021-10-18,61568.61222014526,27618172.77075395,0.0
2021-10-19,61773.25134349942,34015456.14035404,0.0
2021-10-20,64175.46446229059,34411382.33129543,0.0
2021-10-21,66205.02322520966,38279550.22698434,0.0
2021-10-22,62379.44287530162,56449551.79774202,0.0
2021-10-23,61161.98812909273,32430898.811165396,0.0
2021-10-24,61564.35184815587,22024717.006003715,0.0
2021-10-25,61193.42153602763,23178193.09091901,0.0
2021-10-26,63393.53846256575,23645234.524482537,0.0
2021-10-27,60584.84449064012,26443039.19311206,0.0
2021-10-28,58682.5304639318,42951590.268317364,0.0
2021-10-29,60610.509690979605,52640613.095216736,0.0
2021-10-30,62330.31000954796,51017829.21635733,0.0
2021-10-31,61831.78613970142,24738611.21533381,0.0
2021-11-01,54241.55724019675,30549988.560758967,0.0
2021-11-02,61196.74628659858,29282430.279052638,0.0
2021-11-03,59846.872102999005,88510539.55985439,0.0
2021-11-04,63162.811597376036,33595427.5685404,0.0
2021-11-05,61696.38471750376,30449086.68914558,0.0
2021-11-06,53162.87538101125,40655405.769263096,0.0
2021-11-07,61730.4107188863,25595765.1788734,0.0
2021-11-08,63247.4465380969,29041932.682718985,0.0
2021-11-09,60475.774866223335,68844940.30389172,0.0
2021-11-10,64650.8922816003,36715412.899924114,0.0
2021-11-11,65127.840433788755,58947825.90346961,0.0
2021-11-12,65191.622258062365,30319399.312947657,0.0
2021-11-13,64315.87577077645,28952364.98376636,0.0
2021-11-14,64800.91439833889,19478703.34934764,0.0
2021-11-15,65389.26348303711,23159636.234465715,0.0
2021-11-16,63775.75571307971,21650258.600064836,0.0
2021-11-17,60554.20017808156,52994323.902264714,0.0
2021-11-18,60527.92162792775,32512994.644292716,0.0
2021-11-19,45697.541635174115,49704080.36428637,0.0
2021-11-20,42658.80810683852,35183071.19041852,0.0
2021-11-21,59933.11021699954,17878945.13830533,0.0
2021-11-22,59200.18568799223,14801463.591869328,0.0
2021-11-23,56435.1713467297,24213960.804369364,0.0
2021-11-24,57812.81830874197,24044758.274926167,0.0
2021-11-25,57209.39281080893,16405907.823268566,0.0
2021-11-26,58576.044649900425,19689637.42673144,0.0
2021-11-27,53471.78352033804,43422509.83056672,0.0
2021-11-28,54563.29957915869,16483292.781438483,0.0
2021-11-29,56948.90294518249,21043198.34374322,0.0
2021-11-30,57969.15003761754,20456961.34213818,0.0
2021-12-01,56802.42341884825,24304467.000985246,0.0
2021-12-02,57225.779383210975,27261930.456422992,0.0
2021-12-03,56573.847351897595,19646406.321053732,0.0
2021-12-04,53952.358255091276,24639189.277913976,0.0
2021-12-05,49062.02989794834,149775172.29879114,0.0
2021-12-06,49172.07711476016,24913569.54853683,0.0
2021-12-07,50557.95215780636,35484705.711742476,0.0
2021-12-08,50631.65130663966,18040285.345793743,0.0
2021-12-09,50261.01359707628,22189734.0428958,0.0
2021-12-10,48896.2716511271,32538115.452151068,0.0
2021-12-11,41778.48672690378,33345797.771266695,0.0
2021-12-12,48940.10445120698,24496860.323523033,0.0
2021-12-13,49905.75547729616,11106419.664117813,0.0
2021-12-14,46616.43721200839,21520610.997396402,0.0
2021-12-15,48363.60719333444,48037694.164049536,0.0
2021-12-16,48904.1373382024,74992119.894032,0.0
2021-12-17,45605.57722001357,49448341.892066255,0.0
2021-12-18,46377.239722283644,85247648.14995602,0.0
2021-12-19,46991.00695875341,108125098.47507457,0.0
2021-12-20,46718.98158478736,89331195.62353796,0.0
2021-12-21,46272.31976422112,110523065.08568004,0.0
2021-12-22,49181.23139384694,45913955.273669355,0.0
2021-12-23,48839.33993908727,42639242.59961742,0.0
2021-12-24,50873.902931959965,51240368.23943821,0.0
2021-12-25,50908.63391540378,71752584.74919488,0.0
2021-12-26,50714.66627050388,26654328.128913756,0.0
2021-12-27,50783.77539412549,29473010.0331925,0.0
2021-12-28,51989.81989905296,32805233.662110087,0.0
2021-12-29,49430.71877717486,46683356.820953816,0.0
2021-12-30,48111.46088652249,39629025.99428042,0.0
2021-12-31,47213.87428023615,34517333.28425191,0.0
2022-01-01,46312.295772820245,38266724.42484647,0.0
2022-01-02,47444.32132684899,41171409.94786829,0.0
2022-01-03,47412.18793949285,21721147.944851793,0.0
2022-01-04,46623.66834536068,26431982.215544675,0.0
2022-01-05,46039.56760992608,33033548.627389263,0.0
2022-01-06,43593.84338153663,55862616.79908685,0.0
2022-01-07,43237.54857941597,48238915.01212802,0.0
2022-01-08,41579.0537196117,64595227.90931799,0.0
2022-01-09,41812.303490719394,47928591.44382807,0.0
2022-01-10,41999.69350343936,25966786.225153387,0.0
2022-01-11,41807.356561133645,53637775.388203874,0.0
2022-01-12,42811.51980717478,38773876.43765656,0.0
2022-01-13,43971.825623597855,33501630.388151307,0.0
2022-01-14,42660.2777517113,27867148.126539603,0.0
2022-01-15,43236.24272559148,30036198.904101953,0.0
2022-01-16,43158.225217439656,21370541.90510279,0.0
2022-01-17,43116.66816393531,19497443.0361294,0.0
2022-01-18,42348.36166479999,28813244.654742256,0.0
2022-01-19,42458.94014546127,33954848.15125715,0.0
2022-01-20,41748.99397818602,26389577.966435716,0.0
2022-01-21,40673.973492730074,24571140.404994357,0.0
2022-01-22,36488.734695787876,103188518.05958453,0.0
2022-01-23,35130.18264805413,104950049.20881921,0.0
2022-01-24,36072.32099996612,30307360.39483245,0.0
2022-01-25,36788.54457202214,60971429.675313465,0.0
2022-01-26,37042.558163142894,32793917.43068206,0.0
2022-01-27,36843.152901681045,47863326.248993024,0.0
2022-01-28,36992.49907813333,263172493.5068574,0.0
2022-01-29,37743.03776225818,36085830.689565964,0.0
2022-01-30,38031.45262058966,28701611.020908162,0.0
2022-01-31,37968.79232148056,14569030.108160611,0.0
2022-02-01,38495.27725242736,29414315.896755453,0.0
2022-02-02,38747.933533849195,19713524.017234925,0.0
2022-02-03,36942.53610490304,21330859.95434709,0.0
2022-02-04,36981.863283664934,24974782.307653338,0.0
2022-02-05,41162.644707839056,34554380.28277634,0.0
2022-02-06,41498.09031523919,28170772.30608603,0.0
2022-02-07,42470.793081020536,15707353.53211552,0.0
2022-02-08,43866.46877009516,27577200.003382325,0.0
2022-02-09,44124.15221043623,37438114.387442276,0.0
2022-02-10,44222.78982465714,27606464.1984101,0.0
2022-02-11,43584.62032380411,37031738.084359385,0.0
2022-02-12,42439.69690546816,41747670.45592775,0.0
2022-02-13,42189.63394464595,21679559.27379455,0.0
2022-02-14,42315.44888167902,15158697.495502004,0.0
2022-02-15,42643.750518698434,18928220.085773543,0.0
2022-02-16,44497.629031531855,28736335.156903926,0.0
2022-02-17,44091.47036410025,17315891.009613357,0.0
2022-02-18,40583.915122801714,27819869.992426287,0.0
2022-02-19,40110.51587359935,24556747.289118707,0.0
2022-02-20,40146.248741663934,17485880.97805631,0.0
2022-02-21,38440.74545756863,28142919.148647394,0.0
2022-02-22,37020.72099398887,42294746.18623415,0.0
2022-02-23,38311.46105889499,33823689.1412669,0.0
2022-02-24,37330.02317506256,22208890.264833808,0.0
2022-02-25,38356.533680612156,80383679.87454167,0.0
2022-02-26,39553.19051156774,36082988.38854834,0.0
2022-02-27,39098.00719115081,23322473.510841988,0.0
2022-02-28,37724.998020031366,29784142.622051407,0.0
2022-03-01,43213.6822650825,45473674.125615686,0.0
2022-03-02,44343.41577251186,41180207.54654449,0.0
2022-03-03,44033.58116732734,32899729.288161237,0.0
2022-03-04,42585.51072337038,21401056.39743086,0.0
2022-03-05,39229.95992261755,29348361.28651428,0.0
2022-03-06,39474.19755108351,18111087.111709278,0.0
2022-03-07,38542.37034731158,18342742.15749227,0.0
2022-03-08,38070.155170483355,30442604.384899784,0.0
2022-03-09,38656.08177781546,24397710.171190172,0.0
2022-03-10,41957.73283285845,33296296.63141042,0.0
2022-03-11,39554.33315506447,28746206.198839504,0.0
2022-03-12,38915.79827386378,23480392.3679041,0.0
2022-03-13,38938.21506106678,9459225.049032385,0.0
2022-03-14,37834.53259565142,14821114.2176756,0.0
2022-03-15,39661.10389465933,17950785.80364745,0.0
2022-03-16,39299.899276718934,17974803.45420586,0.0
2022-03-17,41097.8459310109,46434194.82159734,0.0
2022-03-18,40990.73389151345,15474878.455855966,0.0
2022-03-19,41780.989601006644,16493968.349204903,0.0
2022-03-20,42140.48241463249,14116936.328911759,0.0
2022-03-21,41210.04891046911,13451444.456517493,0.0
2022-03-22,41018.18655939886,23565782.90219338,0.0
2022-03-23,42328.36295609549,29333870.22234657,0.0
2022-03-24,42797.11701638543,20225626.74151744,0.0
2022-03-25,43895.4591409793,23685329.654932205,0.0
2022-03-26,44263.58108912105,22759255.291332107,0.0
2022-03-27,44495.77299983637,9162031.931958271,0.0
2022-03-28,46747.200827990375,23095717.535616785,0.0
2022-03-29,47124.92435396459,25453562.720255934,0.0
2022-03-30,47388.83149573047,18995478.63473721,0.0
2022-03-31,46995.56978250953,19398385.161062192,0.0
2022-04-01,45390.85653374369,24009770.916516837,0.0
2022-04-02,46328.36185710969,29643759.953856286,0.0
2022-04-03,45763.142251687306,27838194.553903982,0.0
2022-04-04,46570.418554996235,21025765.132851955,0.0
2022-04-05,46590.497388466,25829757.312440217,0.0
2022-04-06,45701.352043434534,22309954.057215568,0.0
2022-04-07,43190.92996441802,38081930.87486346,0.0
2022-04-08,43636.45863552001,27215399.892498348,0.0
2022-04-09,42150.86998090325,25351763.645007618,0.0
2022-04-10,42859.17664278096,13849977.652683754,0.0
2022-04-11,42261.70627715466,19018229.861636844,0.0
2022-04-12,39534.81761710321,42585273.988911465,0.0
2022-04-13,40183.130666416735,35740949.41039452,0.0
2022-04-14,41321.08508800205,26983277.04214514,0.0
2022-04-15,40092.88528004791,17995640.92302549,0.0
2022-04-16,40571.73443052567,13501844.923210548,0.0
2022-04-17,40527.19365210921,11554848.037281252,0.0
2022-04-18,39667.50700740049,12951466.74479422,0.0
2022-04-19,40929.63786156694,31719296.876607813,0.0
2022-04-20,41576.088576734604,19294480.21208931,0.0
2022-04-21,41451.36600318567,24200689.257154778,0.0
2022-04-22,40566.039833739065,35776783.40354126,0.0
2022-04-23,39838.7258295816,28561598.702390946,0.0
2022-04-24,39538.75765165094,15573534.56059516,0.0
2022-04-25,39465.10772440182,14496740.320474738,0.0
2022-04-26,40655.59812282695,36851854.279114604,0.0
2022-04-27,38099.77453673683,34563663.808979414,0.0
2022-04-28,39232.10944577806,30758797.40641359,0.0
2022-04-29,39745.86668858462,34114001.04028456,0.0
2022-04-30,38691.16478640892,26520667.70504901,0.0
2022-05-01,37804.92170789037,16620896.030994909,0.0
2022-05-02,38558.31523200137,21007976.34590259,0.0
2022-05-03,38594.74428264641,30795615.27355043,0.0
2022-05-04,37800.117683784556,14938079.552257001,0.0
2022-05-05,39810.40825083233,28029568.23508074,0.0
2022-05-06,36721.20002055854,45700463.610008694,0.0
2022-05-07,36120.04205624616,38621195.562159084,0.0
2022-05-08,35652.27959163722,28874740.82471166,0.0
2022-05-09,34110.17347128419,45420019.812436715,0.0
2022-05-10,30264.771804749686,123188209.09624676,0.0
2022-05-11,31115.595588449294,109503544.18710095,0.0
2022-05-12,28854.874682508947,156130757.76235184,0.0
2022-05-13,29133.858486444497,178923480.95150805,0.0
2022-05-14,29309.101953757785,52930807.281040385,0.0
2022-05-15,30334.806488824106,30064240.836877506,0.0
2022-05-16,31385.539283471706,26716139.448512297,0.0
2022-05-17,29967.021021508717,32765127.82625594,0.0
2022-05-18,30571.874463738288,25554780.89424889,0.0
2022-05-19,28839.86636369891,24825417.549593147,0.0
2022-05-20,30294.524989798076,22316069.79565304,0.0
2022-05-21,29334.034411169167,22188850.46855563,0.0
2022-05-22,29544.876333952936,10613930.301827196,0.0
2022-05-23,30452.975565082073,15349009.378865508,0.0
2022-05-24,29142.880126570883,25652022.007259443,0.0
2022-05-25,29798.845521328898,20179794.70458652,0.0
2022-05-26,29789.879897956893,16430387.854831038,0.0
2022-05-27,29358.012128631697,46543962.0451167,0.0
2022-05-28,28695.836854317546,30208021.452265985,0.0
2022-05-29,29167.778716150387,13565706.358850688,0.0
2022-05-30,29516.013325381406,10239974.823473608,0.0
2022-05-31,31759.10750601284,29053872.79717235,0.0
2022-06-01,31885.524131552684,16368705.857013874,0.0
2022-06-02,29894.561333470363,20660158.248174958,0.0
2022-06-03,30539.380588530705,14705805.182231652,0.0
2022-06-04,29774.04477618997,12923651.788566632,0.0
2022-06-05,29941.210458921687,10883543.443650134,0.0
2022-06-06,29955.757634496036,6909299.88855797,0.0
2022-06-07,31348.425536232426,19005436.876105398,0.0
2022-06-08,31275.13673150709,35096181.473475784,0.0
2022-06-09,30241.454448627734,18707436.836941577,0.0
2022-06-10,30118.895835418505,11037770.231216758,0.0
2022-06-11,29117.90405944053,21090171.97287855,0.0
2022-06-12,28337.953336264527,24033120.687858853,0.0
2022-06-13,26825.403526870785,28893934.08301836,0.0
2022-06-14,22591.541626855407,105240770.6978689,0.0
2022-06-15,22328.52832114842,74956499.01277444,0.0
2022-06-16,22574.812378710354,71407583.49233626,0.0
2022-06-17,20406.94524889713,27666304.709099635,0.0
2022-06-18,20551.745488551594,19771477.542833645,0.0
2022-06-19,19085.617865359985,54758999.13884316,0.0
2022-06-20,20541.88622272213,39211445.89467989,0.0
2022-06-21,20679.6966385498,29876093.68961348,0.0
2022-06-22,20698.198477676695,22011725.984764766,0.0
2022-06-23,20058.187949029038,18165084.584281605,0.0
2022-06-24,21120.034688854346,17313996.54695885,0.0
2022-06-25,21351.502294034366,13914589.247019967,0.0
2022-06-26,21486.195707904353,8988777.412019068,0.0
2022-06-27,21052.28131273325,7722623.630145674,0.0
2022-06-28,20765.14972511579,9451377.875923987,0.0
2022-06-29,20294.357265799998,11491821.018449381,0.0
2022-06-30,20105.028003461055,15485055.199315006,0.0
2022-07-01,19830.27388007329,17969553.929723047,0.0
2022-07-02,19423.415378579455,22333184.39549954,0.0
2022-07-03,19282.703946834306,6813709.113661597,0.0
2022-07-04,19327.80232690183,7400691.677355177,0.0
2022-07-05,20283.19018799145,11282941.1187591,0.0
2022-07-06,20209.368004734464,15064010.526836097,0.0
2022-07-07,20567.594790599527,13466063.818406137,0.0
2022-07-08,21691.171625578045,13483552.152420212,0.0
2022-07-09,21860.971615943137,19949030.61867368,0.0
2022-07-10,21592.216131468536,7083413.838450932,0.0
2022-07-11,20869.266798288536,8896891.49894639,0.0
2022-07-12,19993.27767996016,9419332.598644987,0.0
2022-07-13,19336.846280301157,10644813.268594507,0.0
2022-07-14,20191.778874729283,20923020.50129045,0.0
2022-07-15,20585.39842512393,14468612.172594134,0.0
2022-07-16,20838.685095975216,13218904.775868325,0.0
2022-07-17,21193.60809369095,13278831.910695257,0.0
2022-07-18,20766.513216467356,10689129.677413968,0.0
2022-07-19,22411.107047302976,21003665.36651818,0.0
2022-07-20,23425.00050993077,34522490.225468636,0.0
2022-07-21,23280.845849683134,32017943.89990222,0.0
2022-07-22,23159.527182104543,18146047.715407606,0.0
2022-07-23,22676.88590376311,13713326.09885702,0.0
2022-07-24,22507.00705326271,11055219.26022864,0.0
2022-07-25,22584.075298156917,11508253.451322747,0.0
2022-07-26,21374.17261539483,13361622.3999639,0.0
2022-07-27,21239.277747344266,11886160.265138447,0.0
2022-07-28,22944.87781076558,20276578.19916304,0.0
2022-07-29,23841.031705520356,24565864.84740885,0.0
2022-07-30,23833.107020015268,21874543.242941853,0.0
2022-07-31,23619.678164745383,17674330.23580715,0.0
2022-08-01,23327.02926662103,12891194.91647516,0.0
2022-08-02,23312.043169305955,11595961.52254414,0.0
2022-08-03,23035.106794907126,14651024.727661038,0.0
2022-08-04,23264.02414276491,9474941.893972034,0.0
2022-08-05,22698.558023208774,15278726.700116528,0.0
2022-08-06,23215.730412149096,15875909.425156927,0.0
2022-08-07,22864.597279684815,9907427.253699712,0.0
2022-08-08,23192.75839747297,6184902.832000679,0.0
2022-08-09,23842.279679036506,11536341.708578037,0.0
2022-08-10,23209.278421961306,9821270.120913256,0.0
2022-08-11,23886.387895720418,19632099.708454356,0.0
2022-08-12,23942.734830062756,16966882.81472744,0.0
2022-08-13,24377.620002277406,8790327.33830076,0.0
2022-08-14,24405.96215200835,8689544.564208543,0.0
2022-08-15,24275.05993398322,7885660.086805924,0.0
2022-08-16,24186.497229883975,12158261.527356476,0.0
2022-08-17,23938.557246961875,8345069.95439924,0.0
2022-08-18,23387.98668032851,8293687.368134599,0.0
2022-08-19,23247.97364070136,5694769.230865358,0.0
2022-08-20,20941.266213541116,16028536.957986545,0.0
2022-08-21,21156.480241967,9316125.88232316,0.0
2022-08-22,21646.744556631857,8546462.923035854,0.0
2022-08-23,21463.236050286647,8152880.201169441,0.0
2022-08-24,21531.753572563328,7372571.237202162,0.0
2022-08-25,21406.324977669603,6471503.816978193,0.0
2022-08-26,21621.59676234209,5729546.823935504,0.0
2022-08-27,20252.431357644058,10351174.97268277,0.0
2022-08-28,20000.95209800796,9212586.74402407,0.0
2022-08-29,19598.9183700334,5837120.790362473,0.0
2022-08-30,20318.44642928205,6818448.312183316,0.0
2022-08-31,19786.088388642027,9984373.690120658,0.0
2022-09-01,20014.746829899028,8380656.9988242965,0.0
2022-09-02,20153.10665330385,7723356.018166703,0.0
2022-09-03,19943.25265882838,7091817.137706644,0.0
2022-09-04,19825.20609449522,2873915.405535351,0.0
2022-09-05,19999.944533476162,22992615.123850003,0.0
2022-09-06,19813.518863225567,4434382.8959566085,0.0
2022-09-07,18853.55803839006,13056008.00918403,0.0
2022-09-08,19279.708289944865,8083822.224883053,0.0
2022-09-09,19385.92182101897,6848920.0358030675,0.0
2022-09-10,21386.778874149168,12917958.907038804,0.0
2022-09-11,21914.172238739528,7865587.377563551,0.0
2022-09-12,21739.758203017398,4793145.846445295,0.0
2022-09-13,22482.03109890547,13302164.924862428,0.0
2022-09-14,20210.73623331274,23991292.423251856,0.0
2022-09-15,20282.538954568496,10064301.575711543,0.0
2022-09-16,19747.16051198911,12475377.873861242,0.0
2022-09-17,19743.986611244716,8776286.58030447,0.0
2022-09-18,20143.84843598992,5728133.568130092,0.0
2022-09-19,19408.923263265395,8095145.210837348,0.0
2022-09-20,19553.93298633703,42989419.8702069,0.0
2022-09-21,18885.989895662093,8746441.973186826,0.0
2022-09-22,18547.603603024843,20386440.816509116,0.0
2022-09-23,19470.639041735987,12075911.758754844,0.0
2022-09-24,19274.599166047923,10515089.418444391,0.0
2022-09-25,18959.479419391835,6335693.1708507035,0.0
2022-09-26,18805.716147258598,4701050.596754585,0.0
2022-09-27,19244.468570819725,7527685.650783124,0.0
2022-09-28,19135.357826906158,12550817.333181813,0.0
2022-09-29,19491.5793005174,12497373.09415002,0.0
2022-09-30,19530.64996478781,14050331.374098845,0.0
2022-10-01,19469.153142016854,11264165.94581599,0.0
2022-10-02,19362.13111576995,11421641.521295913,0.0
2022-10-03,19113.40285784165,3734435.363696705,0.0
2022-10-04,19637.773068398237,7309431.758850174,0.0
2022-10-05,20367.443133512843,8045685.541307391,0.0
2022-10-06,20146.172521622353,6464784.484279302,0.0
2022-10-07,20053.055907047252,20392713.77743794,0.0
2022-10-08,19454.852949026572,20144978.381984603,0.0
2022-10-09,19366.77914420482,2349716.2620106474,0.0
2022-10-10,19442.229573128134,1794489.5887937234,0.0
2022-10-11,19108.041149780744,3947569.9081409923,0.0
2022-10-12,19017.99222465131,4210820.71964707,0.0
2022-10-13,19181.2813670056,2708483.7614471223,0.0
2022-10-14,19357.097817505208,12525270.529956587,0.0
2022-10-15,19169.097076468297,7672250.867670785,0.0
2022-10-16,19073.704659526593,2274566.660039641,0.0
2022-10-17,19275.117834480192,2108683.7696438576,0.0
2022-10-18,19563.646274458973,4189621.0658204406,0.0
2022-10-19,19341.718260939906,3858261.887164268,0.0
2022-10-20,19154.006319288375,2758821.709020892,0.0
2022-10-21,19057.394151191627,4269532.77399312,0.0
2022-10-22,19189.131348064384,3715200.5599218262,0.0
2022-10-23,19202.730737293474,1497252.834024381,0.0
2022-10-24,19554.241925150243,3538581.983620982,0.0
2022-10-25,19323.669592519258,2845595.816635249,0.0
2022-10-26,20071.255000374364,11471351.003940677,0.0
2022-10-27,20780.80120032304,10070985.229285691,0.0
2022-10-28,20306.875870747168,8912235.358864702,0.0
2022-10-29,20626.63812998866,7126288.060268722,0.0
2022-10-30,20765.05408871224,9020199.140186941,0.0
2022-10-31,20607.251385669646,6185310.685908541,0.0
2022-11-01,20482.135127987996,10976566.535633165,0.0
2022-11-02,20464.848288780537,6603584.702796225,0.0
2022-11-03,20205.741198792082,9203432.701476892,0.0
2022-11-04,20211.07797384759,5562817.16795239,0.0
2022-11-05,21202.34982381042,11561867.05746584,0.0
2022-11-06,21305.430041277872,4621552.930034417,0.0
2022-11-07,20898.97868201768,4495756.22951352,0.0
2022-11-08,20580.801417553736,9508047.882280575,0.0
2022-11-09,18677.928992825236,63783334.459150225,0.0
2022-11-10,15744.274648031578,53892581.175902225,0.0
2022-11-11,17581.058633816603,41992468.09037078,0.0
2022-11-12,17133.08419744737,18467661.90384834,0.0
2022-11-13,16797.417490421067,36155395.38714734,0.0
2022-11-14,16323.968544599116,14950964.536723215,0.0
2022-11-15,16720.336730530023,15038268.566483302,0.0
2022-11-16,16890.190853650332,17420805.783390507,0.0
2022-11-17,16678.34954688444,11175927.772697954,0.0
2022-11-18,16687.164123492767,8441128.045981552,0.0
2022-11-19,16680.131353283778,3016562.095202951,0.0
2022-11-20,16674.557507383848,9866740.035121884,0.0
2022-11-21,16289.856159643863,5262866.111112482,0.0
2022-11-22,15776.706500207845,12743774.038904525,0.0
2022-11-23,16170.791330365313,7347074.287462716,0.0
2022-11-24,16648.733887459795,12557750.783921229,0.0
2022-11-25,16615.544678314265,4887542.640387544,0.0
2022-11-26,16537.246105676586,4253712.961962943,0.0
2022-11-27,16442.139018629954,3566308.7282871166,0.0
2022-11-28,16435.558231715357,3036577.641777216,0.0
2022-11-29,16234.955800959686,5262019.1287952075,0.0
2022-11-30,16439.49649655465,3889009.0328889918,0.0
2022-12-01,17247.483479540355,6993657.841724856,0.0
2022-12-02,17002.328754470556,5197388.680958954,0.0
2022-12-03,17093.63756534475,4157642.8694898626,0.0
2022-12-04,16892.708758709698,1889952.3005455926,0.0
2022-12-05,17119.226685295933,3458883.6981834075,0.0
2022-12-06,17003.818130200907,3828586.405815774,0.0
2022-12-07,17068.42858568151,2374407.7521973127,0.0
2022-12-08,16857.81438523238,2904461.2342794854,0.0
2022-12-09,17232.538826887667,2828945.9556111526,0.0
2022-12-10,17174.691329883462,2320791.662728085,0.0
2022-12-11,17176.085677747917,1130930.1373309062,0.0
2022-12-12,17058.04364918519,1375617.113458391,0.0
2022-12-13,17209.41963252321,4564701.225301732,0.0
2022-12-14,17795.2737861262,14554105.122039549,0.0
2022-12-15,17816.780416188518,8354909.109161706,0.0
2022-12-16,17360.836024685366,3627085.8136192076,0.0
2022-12-17,16625.32704469003,9715192.44069325,0.0
2022-12-18,16799.45999509737,8522604.845853347,0.0
2022-12-19,16778.38482390176,3942132.2951841503,0.0
2022-12-20,16442.166233108812,3351115.7524021612,0.0
2022-12-21,16928.210750530103,3172868.1059420537,0.0
2022-12-22,16836.182717986023,1898374.9809380416,0.0
2022-12-23,16836.251014528814,3006105.4100754326,0.0
2022-12-24,16854.690048622346,1461097.0641562208,0.0
2022-12-25,16868.800240004304,675752.9305630792,0.0
2022-12-26,16815.86352031061,1253988.1917743261,0.0
2022-12-27,16894.642339745067,1051166.4548756257,0.0
2022-12-28,16694.760181621652,2760729.0955998655,0.0
2022-12-29,16563.00156799169,2155445.220270759,0.0
2022-12-30,16663.353865507066,1249314.5516294385,0.0
2022-12-31,16633.935258368114,1872285.239355958,0.0
2023-01-01,16512.02852732616,1506298.7090067589,0.0
2023-01-02,16565.72041128543,1158216.9478661506,0.0
2023-01-03,16647.66901711708,1632403.9395613547,0.0
2023-01-04,16690.10923822709,1451802.7859638762,0.0
2023-01-05,16839.3341705739,4549315.553645349,0.0
2023-01-06,16799.80162239758,994318.6868723232,0.0
2023-01-07,16954.785950757323,2856043.114400774,0.0
2023-01-08,16913.213308831684,1465747.0753486238,0.0
2023-01-09,17077.05926721989,4140773.78296024,0.0
2023-01-10,17201.53707951622,7047464.22162211,0.0
2023-01-11,17471.99137218904,2438622.745194553,0.0
2023-01-12,17980.28961917624,3843578.4317596867,0.0
2023-01-13,18858.004413115614,14056075.181528168,0.0
2023-01-14,19858.57103263155,8824919.905718926,0.0
2023-01-15,21066.88729898207,20840313.00530759,0.0
2023-01-16,20837.55719071984,6601930.200451683,0.0
2023-01-17,21163.037814624782,10488381.397722851,0.0
2023-01-18,21113.384555500477,6258157.793691479,0.0
2023-01-19,20719.290073585493,13410247.23111444,0.0
2023-01-20,21110.449388612684,3809084.7822168306,0.0
2023-01-21,22646.4505485622,9069316.624503361,0.0
2023-01-22,22764.749775970635,13195740.662272872,0.0
2023-01-23,22727.039649240196,7847490.268933872,0.0
2023-01-24,23001.58402731046,6813219.49644283,0.0
2023-01-25,22635.8052321136,7838293.91866788,0.0
2023-01-26,23030.093918071114,11168946.050268311,0.0
2023-01-27,23039.62841214592,5024320.858857879,0.0
2023-01-28,23107.297609412675,5246155.174156323,0.0
2023-01-29,23063.615850095914,2487981.730977415,0.0
2023-01-30,23761.44094046714,6877042.549219444,0.0
2023-01-31,22795.695111600213,8649969.540967483,0.0
2023-02-01,23152.09488093551,5253414.19374175,0.0
2023-02-02,23761.984690882422,5715799.51744504,0.0
2023-02-03,23581.620053318977,9233453.625093982,0.0
2023-02-04,23439.68238139949,6993567.267811176,0.0
2023-02-05,23383.223718545785,2627070.5685143447,0.0
2023-02-06,22972.791691151353,6046903.206558023,0.0
2023-02-07,22686.302036359008,5427800.631981116,0.0
2023-02-08,23275.680890113104,5142054.32712504,0.0
2023-02-09,22939.47540990343,3967451.597495373,0.0
2023-02-10,21760.456873121955,9274018.24134325,0.0
2023-02-11,21624.744521539673,4200268.366044756,0.0
2023-02-12,21822.37162506046,2045258.408211117,0.0
2023-02-13,21843.452090536375,3696480.3517487785,0.0
2023-02-14,21756.04842481599,14337153.90968833,0.0
2023-02-15,22202.834449472935,11172687.22195033,0.0
2023-02-16,24320.032731929154,13468942.46713346,0.0
2023-02-17,23791.08721560412,15769040.896646712,0.0
2023-02-18,24572.172517835792,15549979.674536815,0.0
2023-02-19,24632.74034266386,4136825.0297179967,0.0
2023-02-20,24304.807614505426,5778739.361858597,0.0
2023-02-21,24777.624129265307,8130091.277480118,0.0
2023-02-22,24400.077629367926,6183487.131310117,0.0
2023-02-23,24154.29861186966,5708611.329913609,0.0
2023-02-24,23945.759608250104,5180174.1689172285,0.0
2023-02-25,23188.557422106627,5989242.079999799,0.0
2023-02-26,23151.67817932258,2369069.1760892477,0.0
2023-02-27,23439.705890590343,2918803.9835723382,0.0
2023-02-28,23506.562535592708,5129095.780459512,0.0
2023-03-01,23152.40332938488,3090489.0969296107,0.0
2023-03-02,23667.614872498718,5409363.282900288,0.0
2023-03-03,23504.71115666594,2905400.5378038837,0.0
2023-03-04,22339.394761650707,8600297.47275302,0.0
2023-03-05,22369.10137261014,1678946.0005996304,0.0
2023-03-06,22362.67078769492,3406904.8470089585,0.0
2023-03-07,22421.727695659563,1730589.564793681,0.0
2023-03-08,22230.935469445103,4004359.2791128405,0.0
2023-03-09,21767.219268907396,4061161.171283359,0.0
2023-03-10,20452.290953724194,10891564.198886046,0.0
2023-03-11,20207.546062344114,12197678.110255225,0.0
2023-03-12,20490.889753411495,21979109.399369497,0.0
2023-03-13,22090.731358361823,12713592.900508728,0.0
2023-03-14,24203.705035173924,26885018.12238724,0.0
2023-03-15,24867.05789223158,34113572.586418495,0.0
2023-03-16,24345.111728745644,17125115.117346693,0.0
2023-03-17,25084.78614815453,22813665.30612534,0.0
2023-03-18,27610.606280182066,37974171.634552404,0.0
2023-03-19,27017.265540977834,21332938.39615308,0.0
2023-03-20,28125.637772765127,14440995.418798685,0.0
2023-03-21,27947.019745213882,14375416.380066996,0.0
2023-03-22,28178.365210625747,15042433.530000143,0.0
2023-03-23,27387.89101902771,30211320.457654525,0.0
2023-03-24,28473.98899906717,14282719.865585828,0.0
2023-03-25,27542.38367324462,13112147.91406946,0.0
2023-03-26,27663.69538237464,2807689.7940581935,0.0
2023-03-27,28046.551698123385,3226271.975043179,0.0
2023-03-28,26857.808686670563,9926504.916755846,0.0
2023-03-29,26856.548253225494,7574210.4945552265,0.0
2023-03-30,28404.735238629088,7884278.195423202,0.0
2023-03-31,28078.808461098666,11657914.46021979,0.0
2023-04-01,28491.343095125874,7931339.325488594,0.0
2023-04-02,28469.12093528551,4156253.1427053837,0.0
2023-04-03,28173.722036183433,3448338.4759103325,0.0
2023-04-04,27810.936881271657,14706311.726437297,0.0
2023-04-05,28177.296037171433,12796967.095273435,0.0
2023-04-06,28210.301122535122,21783492.623668972,0.0
2023-04-07,28045.341017938543,9404238.40280425,0.0
2023-04-08,27926.68202142669,4375556.105835025,0.0
2023-04-09,27949.407060427453,4989180.418688054,0.0
2023-04-10,28334.740390010626,9835073.510191238,0.0
2023-04-11,29698.629151065506,20882741.626843344,0.0
2023-04-12,30248.58249319716,24935259.644006714,0.0
2023-04-13,29926.975698396618,22857039.955637675,0.0
2023-04-14,30455.09466125599,21362886.94519705,0.0
2023-04-15,30374.833531970053,32370086.285602912,0.0
2023-04-16,30372.97322833521,10638077.14116144,0.0
2023-04-17,30312.368003895666,20152113.036526002,0.0
2023-04-18,29472.797798538148,20299768.521623638,0.0
2023-04-19,30315.44938357474,21717998.618490174,0.0
2023-04-20,28790.304213035335,33288190.31648928,0.0
2023-04-21,28164.75920060531,24149491.398174915,0.0
2023-04-22,27299.00769961872,34248256.52111235,0.0
2023-04-23,27891.665311753648,11443952.850234464,0.0
2023-04-24,27534.65003083198,10240020.817713559,0.0
2023-04-25,27519.769777719357,21944334.847160324,0.0
2023-04-26,28326.041001114085,28402584.511369754,0.0
2023-04-27,28421.748572765315,54366368.685842775,0.0
2023-04-28,29479.455707968267,46316491.4479303,0.0
2023-04-29,29334.81625823093,21610464.38137393,0.0
2023-04-30,29209.072763945624,6820149.8712293655,0.0
2023-05-01,29338.134282998184,23285717.291372932,0.0
2023-05-02,28116.33817229698,30156779.08734374,0.0
2023-05-03,28631.898383621825,23689244.55290164,0.0
2023-05-04,28992.81450915136,36039868.10113936,0.0
2023-05-05,28852.693360972662,16683734.34608699,0.0
2023-05-06,29481.089808454053,29001371.80973927,0.0
2023-05-07,28797.600569118564,23046397.68377571,0.0
2023-05-08,28577.585741874722,15052871.537155278,0.0
2023-05-09,27680.197278665353,29161860.774543703,0.0
2023-05-10,27616.82163023392,13850319.475534517,0.0
2023-05-11,27633.586069704023,36834730.122110054,0.0
2023-05-12,27007.33898149626,19498914.5826909,0.0
2023-05-13,26816.93978509908,25131755.203586265,0.0
2023-05-14,26777.58282338733,10870139.593900684,0.0
2023-05-15,26990.286272464633,13323778.595241938,0.0
2023-05-16,27213.190339042423,17813723.3561484,0.0
2023-05-17,27013.710807720112,15221942.929380557,0.0
2023-05-18,27428.919371357046,17603771.85321159,0.0
2023-05-19,26915.90513275446,25682874.805921823,0.0
2023-05-20,26934.49036965507,14952721.599323943,0.0
2023-05-21,27099.100391122833,4196670.855295909,0.0
2023-05-22,26767.793108438138,11446608.826881003,0.0
2023-05-23,26858.799933298542,14045935.819867598,0.0
2023-05-24,27205.689850300798,16013164.631818365,0.0
2023-05-25,26367.699647600162,19611829.329555534,0.0
2023-05-26,26497.11148910615,14634526.014562827,0.0
2023-05-27,26804.602450945,18564081.45890817,0.0
2023-05-28,26892.492966626192,8281326.180905066,0.0
2023-05-29,28137.10587722716,20666922.753485203,0.0
2023-05-30,27724.72250996118,16103990.093061786,0.0
2023-05-31,27664.04872919326,16156916.458923586,0.0
2023-06-01,27258.098614862316,18174056.77209405,0.0
2023-06-02,26816.75085026918,19228377.136786457,0.0
2023-06-03,27270.168202425728,16981570.679221425,0.0
2023-06-04,27080.603807406293,6153269.89722041,0.0
2023-06-05,27154.827562387894,8669511.377988916,0.0
2023-06-06,25731.88996965382,39367751.20357476,0.0
2023-06-07,27164.64630896202,34079560.45035094,0.0
2023-06-08,26344.31874206022,32618018.85499795,0.0
2023-06-09,26531.300597536603,16573374.47054436,0.0
2023-06-10,26466.08231676982,13063047.798994884,0.0
2023-06-11,25839.600409715473,39051402.992133394,0.0
2023-06-12,25954.82906873866,10058566.752548182,0.0
2023-06-13,25925.240973810145,27193952.608523197,0.0
2023-06-14,25836.097764369933,29863578.57450055,0.0
2023-06-15,25172.9682191354,23729068.601268783,0.0
2023-06-16,25586.79939637334,25039764.870767258,0.0
2023-06-17,26365.25471962212,19142861.85297553,0.0
2023-06-18,26437.623073789757,16198945.314276423,0.0
2023-06-19,26347.123667774988,11358277.870864691,0.0
2023-06-20,26772.53238069766,14013854.623074476,0.0
2023-06-21,28362.29109236432,28197062.34723715,0.0
2023-06-22,30048.127118854638,47441472.86814369,0.0
2023-06-23,29964.69120891685,25257431.08512654,0.0
2023-06-24,30644.979027375277,30436773.42089036,0.0
2023-06-25,30501.64429904318,16557249.379875323,0.0
2023-06-26,30454.742252528387,17539238.21305352,0.0
2023-06-27,30245.224512402925,25419770.005557492,0.0
2023-06-28,30594.52718979504,21132326.248910382,0.0
2023-06-29,30112.953226871035,21053564.46869019,0.0
2023-06-30,30441.32981958059,15618124.51676023,0.0
2023-07-01,30482.791302854508,49853600.426421836,0.0
2023-07-02,30574.470677112942,12674248.837376017,0.0
2023-07-03,30605.9454866683,15480935.143044947,0.0
2023-07-04,31097.182196585058,22435739.188881546,0.0
2023-07-05,30845.000965650575,16314883.501490036,0.0
2023-07-06,30425.35413860589,15859443.336087393,0.0
2023-07-07,30000.99606284953,34220832.8561685,0.0
2023-07-08,30293.546839565206,16578284.182066593,0.0
2023-07-09,30263.170548404123,10638984.449623302,0.0
2023-07-10,30183.35027376009,7179642.4746728875,0.0
2023-07-11,30400.58386157609,24958991.26709874,0.0
2023-07-12,30609.82471671122,17876793.359378256,0.0
2023-07-13,30418.14219226719,21925790.01133908,0.0
2023-07-14,31418.77669044448,42414305.16128241,0.0
2023-07-15,30331.293243980534,23612268.24716648,0.0
2023-07-16,30299.965430572738,5169361.486809151,0.0
2023-07-17,30247.878520639424,7781624.377860543,0.0
2023-07-18,30145.67881270391,19132371.845937446,0.0
2023-07-19,29867.242665991034,20344735.83179115,0.0
2023-07-20,29975.460350823614,13003297.186251402,0.0
2023-07-21,29796.009446710526,13294764.479148412,0.0
2023-07-22,29843.06474698088,6980052.371574772,0.0
2023-07-23,29680.201438909873,5305788.209370065,0.0
2023-07-24,30062.49598483248,8278669.176907362,0.0
2023-07-25,29166.174900743088,17166476.88764485,0.0
2023-07-26,29214.951384785636,6808708.43109352,0.0
2023-07-27,29377.646206548856,15283268.394001244,0.0
2023-07-28,29269.207714569526,7920122.900355646,0.0
2023-07-29,29257.636812290533,6250252.291817126,0.0
2023-07-30,29396.979466157612,2383280.3314191694,0.0
2023-07-31,29316.2719505651,5912938.576448954,0.0
2023-08-01,29211.96515859849,9943030.209492242,0.0
2023-08-02,29515.502342649626,19593294.180604834,0.0
2023-08-03,29132.1229515434,20589253.205444008,0.0
2023-08-04,29181.51855870468,10730079.631486794,0.0
2023-08-05,29096.436302619055,7861807.7389481915,0.0
2023-08-06,29062.09351532902,2939035.930287845,0.0
2023-08-07,28981.858655194108,4206539.803725091,0.0
2023-08-08,29199.93405149807,11515273.056656558,0.0
2023-08-09,29718.464633004085,21200029.751105964,0.0
2023-08-10,29568.896088815905,17110679.74275276,0.0
2023-08-11,29413.24314762203,7987736.310995951,0.0
2023-08-12,29376.089092988528,5491200.424579111,0.0
2023-08-13,29418.38346296243,1719543.8030390677,0.0
2023-08-14,29362.407737719368,2071492.017327906,0.0
2023-08-15,29430.01827344991,9474567.284810886,0.0
2023-08-16,29129.049703670247,8144921.569901595,0.0
2023-08-17,28730.018429810003,10836510.613606857,0.0
2023-08-18,26466.192282907265,76171552.65229888,0.0
2023-08-19,26079.96307026619,28660197.45870565,0.0
2023-08-20,26103.329184466365,11418758.645235026,0.0
2023-08-21,26181.3996413511,5871008.641315937,0.0
2023-08-22,26125.725767713004,14972515.309417138,0.0
2023-08-23,26058.13688786303,19973512.2053824,0.0
2023-08-24,26452.239615897564,23879918.378330085,0.0
2023-08-25,26140.959973270325,13078205.2459804,0.0
2023-08-26,26013.38898076898,12555341.791970659,0.0
2023-08-27,25989.480833025984,2720283.429736831,0.0
2023-08-28,26098.054852141566,3638203.7900136844,0.0
2023-08-29,26115.31498859261,9732341.273690406,0.0
2023-08-30,27691.314845477325,48514133.80244675,0.0
2023-08-31,27314.881515221212,17139231.968705896,0.0
2023-09-01,25890.917468087813,21554586.196381435,0.0
2023-09-02,25807.294770099434,14682514.786455026,0.0
2023-09-03,25806.528088400246,6671747.383289645,0.0
2023-09-04,25976.412722658442,7513765.484968139,0.0
2023-09-05,25849.698491978143,13373109.569507202,0.0
2023-09-06,25774.59547944676,10820254.048803031,0.0
2023-09-07,25769.09891752341,14159496.255875815,0.0
2023-09-08,26198.032444656284,17167595.308534477,0.0
2023-09-09,25917.60334379685,13978512.46261064,0.0
2023-09-10,25869.492752932692,3113867.703265706,0.0
2023-09-11,25753.750732944016,11161650.885444399,0.0
2023-09-12,25143.104655399115,22738529.0637442,0.0
2023-09-13,25861.498813116297,37745839.754569866,0.0
2023-09-14,26234.747498919787,19719506.47167567,0.0
2023-09-15,26534.731963582773,23978088.149707437,0.0
2023-09-16,26628.360879038868,13914900.988509852,0.0
2023-09-17,26547.81789752031,7361684.675485031,0.0
2023-09-18,26520.008482806006,6524283.504631903,0.0
2023-09-19,26722.05538444311,22926144.28768416,0.0
2023-09-20,27220.641895639284,22033912.335211653,0.0
2023-09-21,27133.123916483877,17864029.106060565,0.0
2023-09-22,26561.39581526943,14385804.59204087,0.0
2023-09-23,26559.1382623791,12356956.28367043,0.0
2023-09-24,26610.038353781347,3275014.7103271326,0.0
2023-09-25,26279.489486301594,10169490.753270302,0.0
2023-09-26,26327.14043437181,16984145.334264033,0.0
2023-09-27,26263.44122429532,13094242.637741145,0.0
2023-09-28,26346.96626599302,20893687.16259295,0.0
2023-09-29,27058.396120518966,27847639.609284066,0.0
2023-09-30,26890.129935663907,22836264.67760468,0.0
2023-10-01,26943.23013357005,7689722.059480212,0.0
2023-10-02,27964.4541297085,19663244.357809328,0.0
2023-10-03,27586.27131064665,45136154.74795222,0.0
2023-10-04,27438.339030270057,19477808.194219943,0.0
2023-10-05,27732.75260441999,18750342.088407926,0.0
2023-10-06,27456.956441869,19786796.056821495,0.0
2023-10-07,27927.51947792503,24885404.43973992,0.0
2023-10-08,27974.804274381684,7452319.408775201,0.0
2023-10-09,27972.86539090633,8453364.975320915,0.0
2023-10-10,27621.182608333787,14856354.974696454,0.0
2023-10-11,27434.208088739426,15496735.7675581,0.0
2023-10-12,26801.78546917103,14985543.75538903,0.0
2023-10-13,26699.937861641094,19671592.01085186,0.0
2023-10-14,26805.905056751664,13499178.865892317,0.0
2023-10-15,26847.702232220156,3651642.3510812344,0.0
2023-10-16,27151.168414244537,11140837.177283576,0.0
2023-10-17,28488.84374270944,70517934.65669952,0.0
2023-10-18,28433.97994488258,18044690.65853759,0.0
2023-10-19,28303.08269031135,15499305.404636523,0.0
2023-10-20,28718.280450627808,12568053.70257226,0.0
2023-10-21,29685.815305840228,29578368.362484496,0.0
2023-10-22,29894.582434558626,11747251.716084858,0.0
2023-10-23,30061.155121467615,10079515.482544709,0.0
2023-10-24,32909.94081439527,86675188.23841642,0.0
2023-10-25,33757.99651229021,77025018.84312943,0.0
2023-10-26,34450.01025475646,37187178.51755586,0.0
2023-10-27,34146.228211834714,26702382.886211332,0.0
2023-10-28,33897.75260240871,29307801.96358351,0.0
2023-10-29,34130.59337012732,10133843.06812338,0.0
2023-10-30,34532.23544137187,10199700.807273233,0.0
2023-10-31,34453.053393475864,18251747.12057027,0.0
2023-11-01,34656.314854908705,15614119.8129303,0.0
2023-11-02,35470.95830598663,32434064.572191834,0.0
2023-11-03,34919.09106176003,28259847.207043238,0.0
2023-11-04,34676.47597084447,23128552.895727,0.0
2023-11-05,35019.75056488426,16064386.939042963,0.0
2023-11-06,35025.45617877841,25822945.111435723,0.0
2023-11-07,34994.00713824235,27404436.18595654,0.0
2023-11-08,35389.492434134394,30135300.104224455,0.0
2023-11-09,35768.51124000641,24590225.60996408,0.0
2023-11-10,36747.701202039265,81744826.25451024,0.0
2023-11-11,37314.604935266274,41533209.8483595,0.0
2023-11-12,37096.04295545528,23445392.782388255,0.0
2023-11-13,37063.74564805932,15593667.021458209,0.0
2023-11-14,36635.965466592184,28029510.575291075,0.0
2023-11-15,35534.099822780525,40565501.606945306,0.0
2023-11-16,37896.65347425252,49609682.71767161,0.0
2023-11-17,36257.52786939167,43956235.53977676,0.0
2023-11-18,36496.57382827996,34968086.49697363,0.0
2023-11-19,36571.088445114394,12708252.201481508,0.0
2023-11-20,37403.3522143501,13237763.779637795,0.0
2023-11-21,37479.68848288747,47030074.322367296,0.0
2023-11-22,36013.10452439884,98192596.43677597,0.0
2023-11-23,37399.03639482943,46478090.52848592,0.0
2023-11-24,37383.172370140055,32307226.076247513,0.0
2023-11-25,37719.02040799029,27235881.802582618,0.0
2023-11-26,37824.544156459306,6444519.824324525,0.0
2023-11-27,37453.83139384091,13178314.25000901,0.0
2023-11-28,37225.71336132506,21354886.532382708,0.0
2023-11-29,37767.78326000559,19425152.563312255,0.0
2023-11-30,37791.54210447518,16943067.594764516,0.0
2023-12-01,37733.26981748903,12798154.524674067,0.0
2023-12-02,38708.11672032454,21158086.66579487,0.0
2023-12-03,39537.64683967142,21657735.111521833,0.0
2023-12-04,39938.098767747215,21465684.55619363,0.0
2023-12-05,41970.6554984917,45093782.64835775,0.0
2023-12-06,44187.919275329856,34148896.28157706,0.0
2023-12-07,43719.01659968587,27996176.208753712,0.0
2023-12-08,43292.76390187613,31441720.89969778,0.0
2023-12-09,44214.8739382631,27540068.87775758,0.0
2023-12-10,43784.04980990521,20999596.82390939,0.0
2023-12-11,43778.60244671594,12275021.135291373,0.0
2023-12-12,41230.90473436475,74187684.29009779,0.0
2023-12-13,41517.72222703874,44618986.710807756,0.0
2023-12-14,42977.75410153734,35867531.22923349,0.0
2023-12-15,42946.01190830297,34719199.68382556,0.0
2023-12-16,42016.88032777806,23174426.643685743,0.0
2023-12-17,42233.722448252294,16724740.990519198,0.0
2023-12-18,41367.8015585164,18847615.205225915,0.0
2023-12-19,42693.408657950975,26953524.481713403,0.0
2023-12-20,42269.55061977948,39499252.17288542,0.0
2023-12-21,43595.80415413151,40111244.363370016,0.0
2023-12-22,43919.51650336143,37730245.13621904,0.0
2023-12-23,44051.77161117714,42922909.48590646,0.0
2023-12-24,43769.47356023867,16167916.004500952,0.0
2023-12-25,43114.14704436218,22353010.26577884,0.0
2023-12-26,43664.42424896983,18939638.647606157,0.0
2023-12-27,42658.74792580446,40982060.87043166,0.0
2023-12-28,43290.088985642964,46402483.36480244,0.0
2023-12-29,42391.267138037925,45086479.54229312,0.0
2023-12-30,42005.95923684474,41975511.83024045,0.0
2023-12-31,42206.79900712387,19882526.113495756,0.0
2024-01-01,42228.181292798035,20549814.207096037,0.0
2024-01-02,44051.44122686854,23039659.12071521,0.0
2024-01-03,45129.270090947946,45590890.72402694,0.0
2024-01-04,42829.679412686586,85619710.87005173,0.0
2024-01-05,44253.62044113712,44103673.43454745,0.0
2024-01-06,43980.93836727025,50602409.90685233,0.0
2024-01-07,43971.84029806435,16440287.761479462,0.0
2024-01-08,43728.72824773994,17267345.54399558,0.0
2024-01-09,46917.73969007319,52922126.387067944,0.0
2024-01-10,46091.74443196049,100463320.77103831,0.0
2024-01-11,46577.19136945483,139816632.23241025,0.0
2024-01-12,46344.61769925265,99198293.00835307,0.0
2024-01-13,42812.15764995961,102431559.69515099,0.0
2024-01-14,42837.67812995854,38440509.63124227,0.0
2024-01-15,41878.79627597695,26854525.73284705,0.0
2024-01-16,42655.534615371624,50667666.717246294,0.0
2024-01-17,43147.11091052337,29252388.124991685,0.0
2024-01-18,42736.194687447554,21716857.297809917,0.0
2024-01-19,41339.648043005924,34834376.20910588,0.0
2024-01-20,41663.78938438924,29285280.457934096,0.0
2024-01-21,41665.729621007275,8777133.656753931,0.0
2024-01-22,41566.94213576258,5868513.819628936,0.0
2024-01-23,39510.11862217928,34691441.19204464,0.0
2024-01-24,39848.33737932613,44725880.94984325,0.0
2024-01-25,40156.31441860769,21057760.727307756,0.0
2024-01-26,39900.31890595862,24581295.75505786,0.0
2024-01-27,41858.763522324356,31970238.030356046,0.0
2024-01-28,42037.1978877026,14184448.951069705,0.0
2024-01-29,41964.49778829911,27308325.58659188,0.0
2024-01-30,43291.03976640106,32492655.543576203,0.0
2024-01-31,42895.30413771901,38741397.047876246,0.0
2024-02-01,42586.99102523709,36140445.39969836,0.0
2024-02-02,43083.08881772416,34444412.81513642,0.0
2024-02-03,43208.97939169828,13608986.222776528,0.0
2024-02-04,42931.57126823982,8298963.771229288,0.0
2024-02-05,42580.58199850557,14875752.821412051,0.0
2024-02-06,42658.90322513424,20804913.135911662,0.0
2024-02-07,43086.51551431438,18183969.038007293,0.0
2024-02-08,44133.557339319785,23724146.442499615,0.0
2024-02-09,45389.45888362798,26906299.155470993,0.0
2024-02-10,47131.67723814509,31519968.22254873,0.0
2024-02-11,47867.828353525954,10383042.368459195,0.0
2024-02-12,48257.84211031029,10681111.057871861,0.0
2024-02-13,50009.38811340877,28225469.651710477,0.0
2024-02-14,49732.239249604296,30010840.72402884,0.0
2024-02-15,51889.29235549547,36918778.39518762,0.0
2024-02-16,51952.85296065987,41386710.16902504,0.0
2024-02-17,52142.2042770391,31238224.957379945,0.0
2024-02-18,51675.88451303984,20047655.04955544,0.0
2024-02-19,52042.823158690175,18157401.2073602,0.0
2024-02-20,51793.269085950706,25978071.36471941,0.0
2024-02-21,52141.91579438036,37788574.48565212,0.0
2024-02-22,51657.312377788476,40851030.06567993,0.0
2024-02-23,51258.23359061829,44730879.86594589,0.0
2024-02-24,50777.210883660344,23388064.746692896,0.0
2024-02-25,51460.77367479049,12327309.323658459,0.0
2024-02-26,51759.980068784906,22779202.29137026,0.0
2024-02-27,54501.908707411945,41704224.12748557,0.0
2024-02-28,57065.481514398016,52008133.804852344,0.0
2024-02-29,62556.44504468901,104950122.2695105,0.0
2024-03-01,61267.88235257974,78007597.48673266,0.0
2024-03-02,62417.0738025319,49727799.59181856,0.0
2024-03-03,62091.869811082026,27089842.337465677,0.0
2024-03-04,63021.359618912225,32699846.65520894,0.0
2024-03-05,68479.07277902577,100807880.0904118,0.0
2024-03-06,64073.48437750836,205784651.15093642,0.0
2024-03-07,66143.7883162794,123535464.82884601,0.0
2024-03-08,67112.51612257698,75297583.54434273,0.0
2024-03-09,68440.28074790197,98958018.4118649,0.0
2024-03-10,68638.89997843052,32625431.16956316,0.0
2024-03-11,69388.39077810514,66331776.02480171,0.0
2024-03-12,72320.13099268106,121600867.66266504,0.0
2024-03-13,71298.47717778568,108848520.78198807,0.0
2024-03-14,73233.23642682626,87431066.66984698,0.0
2024-03-15,71252.98172431313,89623889.50933294,0.0
2024-03-16,69487.08624623562,157594612.50084388,0.0
2024-03-17,65584.99849277797,121822700.03331475,0.0
2024-03-18,68986.32709196508,103002316.66590616,0.0
2024-03-19,67676.7452647684,90988508.64835376,0.0
2024-03-20,62413.59876788835,259760229.57894766,0.0
2024-03-21,67715.54047444648,197094718.6642657,0.0
2024-03-22,65630.59806695345,100936315.2222655,0.0
2024-03-23,63704.32873823969,90175941.28019427,0.0
2024-03-24,64428.58589002581,53070539.772253975,0.0
2024-03-25,67270.92437001091,48047996.06486031,0.0
2024-03-26,70080.38285234847,85497641.59705263,0.0
2024-03-27,69963.41975858377,53288717.37845964,0.0
2024-03-28,69386.84240488785,60524813.35768337,0.0
2024-03-29,70719.10356789973,49955316.14987095,0.0
2024-03-30,69769.5340802854,46078584.652395606,0.0
2024-03-31,69724.29201800415,22283694.557243932,0.0
2024-04-01,71230.06125296485,23483381.287850358,0.0
2024-04-02,69852.2795137633,61862127.74543862,0.0
2024-04-03,65496.97436242694,80620660.98994608,0.0
2024-04-04,65997.0357252425,61002389.28215857,0.0
2024-04-05,68689.14319487014,63778572.90754651,0.0
2024-04-06,67976.07452544081,51521661.751777835,0.0
2024-04-07,69058.51330842848,24365126.40013426,0.0
2024-04-08,69476.75171885047,57321046.01930857,0.0
2024-04-09,71644.1650157551,132297167.95341177,0.0
2024-04-10,69082.45185760767,96645085.5498389,0.0
2024-04-11,70436.63680520526,108885051.13557106,0.0
2024-04-12,70271.17320126947,100425951.73154835,0.0
2024-04-13,66874.95592190427,105811040.66401811,0.0
2024-04-14,64255.9139165579,175324577.72894427,0.0
2024-04-15,65773.66144087669,103728815.84299374,0.0
2024-04-16,63490.42610539104,100648991.06551605,0.0
2024-04-17,63679.083951732944,104208398.2088089,0.0
2024-04-18,61351.904754312585,104416890.20655939,0.0
2024-04-19,63434.89289965209,103267577.17537302,0.0
2024-04-20,64096.837239935485,135270416.30357772,0.0
2024-04-21,64909.69375516569,50048307.92985106,0.0
2024-04-22,64745.67084501367,52753807.21535122,0.0
2024-04-23,66678.65352134572,70168250.37882662,0.0
2024-04-24,66440.73262201394,63205390.51222105,0.0
2024-04-25,64261.66275013177,54605557.66384723,0.0
2024-04-26,64495.74987710591,60224021.64773307,0.0
2024-04-27,63668.96109143933,47307059.62563418,0.0
2024-04-28,63383.150442424456,43793506.022060715,0.0
2024-04-29,62892.1754409583,39172657.92539362,0.0
2024-04-30,63707.7246513044,48445259.92896016,0.0
2024-05-01,60817.37240204349,78946316.9954345,0.0
2024-05-02,58241.75586760655,92207154.99352646,0.0
2024-05-03,59148.988377898255,57407438.96205844,0.0
2024-05-04,62873.05062029435,56136859.33945285,0.0
2024-05-05,63922.958313692674,40679640.63298155,0.0
2024-05-06,64095.27862412412,37249285.75991365,0.0
2024-05-07,63292.25384147669,53586934.08533988,0.0
2024-05-08,62355.43495763729,46270879.65232889,0.0
2024-05-09,61151.52136582841,46050521.285982184,0.0
2024-05-10,63116.61225101453,43687327.31211313,0.0
2024-05-11,60879.48456582192,48650561.114375934,0.0
2024-05-12,60674.587686890656,24827758.680066347,0.0
2024-05-13,61469.96263165318,25821255.23432585,0.0
2024-05-14,62790.02317545241,52277440.22945919,0.0
2024-05-15,61660.29600267009,48468457.9063124,0.0
2024-05-16,66128.2007685262,80537857.85444744,0.0
2024-05-17,65277.44082743961,58455421.040794104,0.0
2024-05-18,67103.30653939582,59848795.91300416,0.0
2024-05-19,67093.53419862999,30105812.940385297,0.0
2024-05-20,66384.85326870719,50715858.63775745,0.0
2024-05-21,71384.05135575842,164208572.0041279,0.0
2024-05-22,70047.86427397949,179292555.98670182,0.0
2024-05-23,69160.3959860562,149626318.33773366,0.0
2024-05-24,67692.23936607805,251031164.81258816,0.0
2024-05-25,68446.11567804593,104299222.8806801,0.0
2024-05-26,69265.69297812751,20562915.18453381,0.0
2024-05-27,68463.60670358085,54281137.44642463,0.0
2024-05-28,69559.63714566492,75075240.13839155,0.0
2024-05-29,68414.57798621575,80146360.24304305,0.0
2024-05-30,67524.0113065182,64568016.84011753,0.0
2024-05-31,68256.7694654986,47800293.74467219,0.0
2024-06-01,67485.47876308301,41971274.135821,0.0
2024-06-02,67551.98309206858,21824436.678019725,0.0
2024-06-03,67687.1704592618,30276097.7431579,0.0
2024-06-04,68733.27555868865,66753260.274628736,0.0
2024-06-05,70683.6241986872,48731063.340963855,0.0
2024-06-06,71167.38020123159,89002159.77426633,0.0
2024-06-07,70740.76863365485,60605821.5635802,0.0
2024-06-08,69247.68812778687,68075617.38364388,0.0
2024-06-09,69328.37013643053,28612790.458441813,0.0
2024-06-10,69605.8124280975,21286594.2191711,0.0
2024-06-11,69514.8295361345,60095184.42322184,0.0
2024-06-12,67325.82330291245,72249209.48382586,0.0
2024-06-13,68392.49323613363,64280977.7566686,0.0
2024-06-14,66847.682687323,56390047.06782097,0.0
2024-06-15,66108.05242107375,61564037.14085124,0.0
2024-06-16,66202.65927281912,23111174.90180211,0.0
2024-06-17,66516.42485892522,25524974.244968656,0.0
2024-06-18,66396.0925732083,63386528.45709773,0.0
2024-06-19,65237.177665377276,81988680.02271464,0.0
2024-06-20,64760.33854960423,50121231.80272808,0.0
2024-06-21,64519.89350797049,48527235.7674694,0.0
2024-06-22,64093.77329489594,40552870.033967175,0.0
2024-06-23,64293.41952445422,17068975.76441366,0.0
2024-06-24,63292.78735246332,57444676.44986972,0.0
2024-06-25,60454.767937597535,89868921.28171936,0.0
2024-06-26,61905.377116233176,54713561.134331845,0.0
2024-06-27,60858.91387810167,39557925.61984589,0.0
2024-06-28,61661.13007779593,37920508.91916401,0.0
2024-06-29,60410.77225150336,41162746.07561145,0.0
2024-06-30,60797.46947222992,19613633.717248477,0.0
2024-07-01,62796.21028102111,30221351.422889654,0.0
2024-07-02,62662.56506524448,41583727.37610889,0.0
2024-07-03,62041.10833558992,28091542.14456168,0.0
2024-07-04,60322.91706323725,49549950.573914506,0.0
2024-07-05,57322.96018373392,80772131.00242116,0.0
2024-07-06,56834.15396588885,131487640.63514088,0.0
2024-07-07,58210.473376439455,40651866.870004766,0.0
2024-07-08,56022.49345059245,38108670.344768934,0.0
2024-07-09,56776.593351115574,99906599.23247823,0.0
2024-07-10,58019.778079439515,59138336.52636968,0.0
2024-07-11,59233.33624584672,15592484.456494384,0.0
2024-07-12,57779.32737413003,3236335.169484161,0.0
2024-07-13,57971.01470115631,31461296.88162655,0.0
2024-07-14,59405.61918757634,30348152.93487012,0.0
2024-07-15,60879.81423235143,37189453.44274955,0.0
2024-07-16,64465.460454976484,86841747.99051923,0.0
2024-07-17,65019.88040535043,101927467.38798477,0.0
2024-07-18,64263.6605500645,67430392.08080865,0.0
2024-07-19,64145.00545258553,49703343.88989541,0.0
2024-07-20,66666.90612824434,73023140.78019737,0.0
2024-07-21,67093.327827151,28597006.544404022,0.0
2024-07-22,68139.9422696201,45415450.12000164,0.0
2024-07-23,67803.44296277694,47253916.564646296,0.0
2024-07-24,66007.51354911154,81166256.5382943,0.0
2024-07-25,65183.37270173479,54395380.3071065,0.0
2024-07-26,65704.54213775287,83014599.96009259,0.0
2024-07-27,67930.21343009149,52312275.53335711,0.0
2024-07-28,68320.23649950985,70066695.3973753,0.0
2024-07-29,68308.49950845244,31997136.00684156,0.0
2024-07-30,66706.73794884853,75798628.2114214,0.0
2024-07-31,66572.20254106821,58031727.16163182,0.0
2024-08-01,64666.0915678586,55751124.820390105,0.0
2024-08-02,65228.669571882994,86658394.05354638,0.0
2024-08-03,61538.49667858641,87082189.35174794,0.0
2024-08-04,60677.66445860102,74143895.33407158,0.0
2024-08-05,57943.464384709056,112511494.07943943,0.0
2024-08-06,54281.01612238285,253826937.6792646,0.0
2024-08-07,55916.26090613978,73118340.04379025,0.0
2024-08-08,55071.16822875052,76936741.44365685,0.0
2024-08-09,61698.048004754026,50515737.40362858,0.0
2024-08-10,60784.63825106143,62624966.27768097,0.0
2024-08-11,61034.10593688029,25602914.876892187,0.0
2024-08-12,58876.59100247405,43050151.515995555,0.0
2024-08-13,59418.07052456307,69556683.75943089,0.0
2024-08-14,60565.817503408565,57869674.02192431,0.0
2024-08-15,58987.48102074668,55225839.6644903,0.0
2024-08-16,57595.30676416211,57807648.36392043,0.0
2024-08-17,58913.86705331538,46490327.0099764,0.0
2024-08-18,59334.470124676845,22498304.94410822,0.0
2024-08-19,58582.49582938146,27282317.519532263,0.0
2024-08-20,59585.54648813045,44501918.838035844,0.0
2024-08-21,59058.47157266338,72521801.90162237,0.0
2024-08-22,60982.51731385878,56984654.61301983,0.0
2024-08-23,60438.770589979555,56609369.674835905,0.0
2024-08-24,64220.652319215194,65543827.76297474,0.0
2024-08-25,64153.394668157875,37669082.717102006,0.0
2024-08-26,64258.55820690844,25795535.79410576,0.0
2024-08-27,62950.05576281592,36463928.706341326,0.0
2024-08-28,59778.241381825166,55186702.46020285,0.0
2024-08-29,59064.81995056646,58679473.97249459,0.0
2024-08-30,59399.44542780001,43907908.35255082,0.0
2024-08-31,59087.81139538371,50400765.32298605,0.0
2024-09-01,58962.88033536844,13977364.875049667,0.0
2024-09-02,57170.71066040369,36371284.9979543,0.0
2024-09-03,59135.767569987474,39990050.37462471,0.0
2024-09-04,57382.0198259309,34797894.263222724,0.0
2024-09-05,57969.2159907032,51334475.54964543,0.0
2024-09-06,56124.02346805858,30977535.737622786,0.0
2024-09-07,53872.576281358364,47510159.490005285,0.0
2024-09-08,54133.990981458584,16529669.023140317,0.0
2024-09-09,54794.44495081813,23017240.80435731,0.0
2024-09-10,57028.5589667676,47156713.035126455,0.0
2024-09-11,57596.327532415475,35880765.3258485,0.0
2024-09-12,57428.39817385711,43323565.78935664,0.0
2024-09-13,58211.806397419576,41586942.83648665,0.0
2024-09-14,60488.20711268369,38491598.47551911,0.0
2024-09-15,60047.73740419158,17693931.837950073,0.0
2024-09-16,59006.93465131549,24907672.587480072,0.0
2024-09-17,58315.558666006065,44856504.48032687,0.0
2024-09-18,60242.1876479417,45290247.82483744,0.0
2024-09-19,61473.80534535677,59644742.47088053,0.0
2024-09-20,62936.21815648097,60821340.57013963,0.0
2024-09-21,63162.835520566165,45861274.48152058,0.0
2024-09-22,63353.415281463276,29600136.391366027,0.0
2024-09-23,63582.03919640816,42169843.48078842,0.0
2024-09-24,63410.705504139376,75010427.26221265,0.0
2024-09-25,64312.12077591037,52775223.613598265,0.0
2024-09-26,63197.854443981225,39359264.06154535,0.0
2024-09-27,64973.516955482126,69935600.71636915,0.0
2024-09-28,65809.57750593795,56765419.91091093,0.0
2024-09-29,65887.77922489661,31770536.980321232,0.0
2024-09-30,65671.20745198813,24308260.371596023,0.0
2024-10-01,63195.32110155895,61628997.26979718,0.0
2024-10-02,60884.48680090378,102539923.97757646,0.0
2024-10-03,60649.279580772636,75427519.68275654,0.0
2024-10-04,60775.05439177872,60156493.08818746,0.0
2024-10-05,62099.09377135214,50732628.95579227,0.0
2024-10-06,62123.13536199953,25644836.225589953,0.0
2024-10-07,62794.70360127843,20854906.622883614,0.0
2024-10-08,62495.445776402004,60432870.753268674,0.0
2024-10-09,62159.415540585396,74929663.95274355,0.0
2024-10-10,60696.33104253985,64798016.669725485,0.0
2024-10-11,60257.36656667383,49202517.4018161,0.0
2024-10-12,62391.778043043385,59650525.39063433,0.0
2024-10-13,63187.740716061526,26190774.565106347,0.0
2024-10-14,62785.50837408824,27127888.672660936,0.0
2024-10-15,66096.90107852935,71994934.5731057,0.0
2024-10-16,67014.81306117408,88691667.94696125,0.0
2024-10-17,67638.44606017189,98452713.14812954,0.0
2024-10-18,67337.82539079137,51120069.4417819,0.0
2024-10-19,68415.31579446564,44269132.84363062,0.0
2024-10-20,68319.84237720021,16851471.305301074,0.0
2024-10-21,69149.10681270249,25581841.655131843,0.0
2024-10-22,67430.35647268697,50686317.32639411,0.0
2024-10-23,67336.95777568969,40139725.647451356,0.0
2024-10-24,66709.97108474928,50825762.77378006,0.0
2024-10-25,68107.90372959865,36402805.26361032,0.0
2024-10-26,66361.02792311485,57875950.06800061,0.0
2024-10-27,67044.00527159047,27263644.172970988,0.0
2024-10-28,67942.39007625729,20706599.6920397,0.0
2024-10-29,69818.38407651646,55589003.60986513,0.0
2024-10-30,72749.60435858405,68274920.00565206,0.0
2024-10-31,72332.30102052093,52256127.20099617,0.0
2024-11-01,70308.09362914716,48775215.986090876,0.0
2024-11-02,69525.22223357993,60663065.52244052,0.0
2024-11-03,69318.10072588395,20628237.654054135,0.0
2024-11-04,68817.27194071075,39754707.75567,0.0
2024-11-05,67892.71787602748,59485069.51169054,0.0
2024-11-06,69322.8189901645,56943741.7538827,0.0
2024-11-07,75683.03108106523,174315415.3488867,0.0
2024-11-08,76008.53575169244,89912429.40209596,0.0
2024-11-09,76527.2446851902,56889808.64456661,0.0
2024-11-10,76632.9845824217,68623846.33366145,0.0
2024-11-11,80495.73979487587,132916786.85655181,0.0
2024-11-12,88737.55424012877,175919759.585951,0.0
2024-11-13,87947.31773554499,168946125.28794986,0.0
2024-11-14,90395.01929775612,133381258.88927983,0.0
2024-11-15,86566.97945499615,117003078.92225426,0.0
2024-11-16,91025.23269664618,82604984.35485668,0.0
2024-11-17,90544.04610449188,72991325.003805,0.0
2024-11-18,89514.53198143083,63448853.992167816,0.0
2024-11-19,90657.679210198,79535191.90469752,0.0
2024-11-20,92288.35846797688,72501694.58391856,0.0
2024-11-21,94478.84539885903,76473808.76029132,0.0
2024-11-22,98469.02242455164,141682480.37927133,0.0
2024-11-23,99017.10387048879,113873062.45189647,0.0
2024-11-24,97883.87075156209,108192207.9607415,0.0
2024-11-25,97941.95271943175,100556029.42929308,0.0
2024-11-26,93463.45335791691,127018427.31040718,0.0
2024-11-27,91723.26353871368,135076634.15310517,0.0
2024-11-28,95964.79739848034,98578477.72993527,0.0
2024-11-29,95663.07402905417,95503088.10151285,0.0
2024-11-30,97524.38691906727,68528757.55182396,0.0
2024-12-01,96520.19094837045,58787952.374127775,0.0
2024-12-02,97512.3739688055,52900665.075585045,0.0
2024-12-03,95739.5318128995,112414521.46929118,0.0
2024-12-04,95609.26262385026,126799400.81305702,0.0
2024-12-05,98512.57972413799,176459325.60049197,0.0
2024-12-06,96659.24607493835,238872552.5315079,0.0
2024-12-07,99753.08228138025,103277717.57623644,0.0
2024-12-08,100232.37776009161,57658356.52822792,0.0
2024-12-09,101004.69131201119,50139337.00356334,0.0
2024-12-10,97514.23047875009,117011672.18509851,0.0
2024-12-11,96644.93648704822,140243869.38498315,0.0
2024-12-12,101407.56620920444,115170118.56427023,0.0
2024-12-13,100106.15757937949,86342617.60581988,0.0
2024-12-14,101403.18803273942,72702183.47236483,0.0
2024-12-15,101368.51755986139,60856865.701429494,0.0
2024-12-16,104512.95812301362,65349376.49681587,0.0
2024-12-17,105886.13291675229,99376096.1835075,0.0
2024-12-18,106339.31231686653,80649938.93495125,0.0
2024-12-19,100242.1957645114,114050551.6214373,0.0
2024-12-20,98019.05450592737,138977311.68612897,0.0
2024-12-21,97684.74938604195,144293734.08373994,0.0
2024-12-22,97075.20074165185,73727324.72474945,0.0
2024-12-23,95076.93468195596,62330435.0278317,0.0
2024-12-24,94582.21505004069,92352960.95746535,0.0
2024-12-25,98665.20245412762,65634598.479441285,0.0
2024-12-26,99273.35521155168,51195132.01292934,0.0
2024-12-27,95687.8779247209,89746734.92012142,0.0
2024-12-28,93983.17457615123,74455382.28039725,0.0
2024-12-29,95009.15505688288,45597692.69383832,0.0
2024-12-30,93670.64291688836,42529928.14824142,0.0
